Workbook
Name pp: '2015'!$B$1:$U$39
Name pp: '2015~2018'!$B$1:$U$7
Name pp: '2016'!$B$1:$U$39
Name pp: '2017'!$B$1:$U$39
Name pp: '2018'!$B$1:$U$39

Sheet 歷年(2021~)
A1: 性侵害事件通報被害及嫌疑人概況 Overview of Victim and Offender Status in Reporting Sexual Assault Cases
A3: 單位：人 unit:Person
A4: 年 別 | C4: 性別 | D4: 性侵害被害人統計 Statistics of Sexual Assault Victims | AG4: 性侵害嫌疑人年齡統計 Statistics of Age of Sexual Assault Offenders
D5: 國籍、身分別 By Nationality and Identity | K5: 年齡別 By Age | V5: 身心障礙別 By Disability | AG5: 年齡別 By Age
D6: 合計 | E6: 本國籍 非原住民 | F6: 本國籍 原住民 | G6: 大陸及 港澳籍 | H6: 外國籍 | I6: 無國籍 | J6: 資料 不明 | K6: 合計 | L6: 0-未滿6歲 | M6: 6-未滿12歲 | N6: 12-未滿18歲 | O6: 18-未滿24歲 | P6: 24-未滿30歲 | Q6: 30-未滿40歲 | R6: 40-未滿50歲 | S6: 50-未滿65歲 | T6: 65歲 以上 | U6: 不詳 | V6: 合計 | W6: 非身心 障礙 | X6: 智障 | Y6: 視障 | Z6: 精神 病患 | AA6: 聲(語)障 | AB6: 聽障 | AC6: 肢障 | AD6: 多重 障礙 | AE6: 其他 障礙 | AF6: 不詳 | AG6: 合計 | AH6: 0-未滿6歲 | AI6: 6-未滿12歲 | AJ6: 12-未滿18歲 | AK6: 18-未滿24歲 | AL6: 24-未滿30歲 | AM6: 30-未滿40歲 | AN6: 40-未滿50歲 | AO6: 50-未滿65歲 | AP6: 65歲 以上 | AQ6: 不詳
A7: Year | C7: Gender | D7: Total | E7: Non-Indigenous Native | F7: Indigenous Native | G7: Mainland China and Hong Kong and Macau | H7: Foreign | I7: Stateless | J7: Unknown Information | K7: Total | L7: Under 6 Years | M7: 6-Under 12 Years | N7: 12-Under 18 Years | O7: 18-Under 24 Years | P7: 24-Under 30 Years | Q7: 30-Under 40 Years | R7: 40-Under 50 Years | S7: 50-Under 65 Years | T7: Above 65 Years | U7: Unknown | V7: Total | W7: Not Disability | X7: Intellectually Disabled | Y7: Vision | Z7: Mentally Illed | AA7: Voice | AB7: Hearing | AC7: Physically Impaired | AD7: Multiple | AE7: Other | AF7: Unknown | AG7: Total | AH7: Under 6 Years | AI7: 6-Under 12 Years | AJ7: 12-Under 18 Years | AK7: 18-Under 2 Years | AL7: 24-Under 30 Years | AM7: 30-Under 40 Years | AN7: 40-Under 50 Years | AO7: 50-Under 65 Years | AP7: Above 65 Years | AQ7: Unknown
A8: 110年 2021 | C8: 計 Total | D8: 7787 | E8: 6787 | F8: 680 | G8: 26 | H8: 129 | I8: 2 | J8: 163 | K8: 7787 | L8: 210 | M8: 630 | N8: 3680 | O8: 1135 | P8: 677 | Q8: 778 | R8: 427 | S8: 173 | T8: 53 | U8: 24 | V8: 7787 | W8: 6775 | X8: 354 | Y8: 6 | Z8: 213 | AA8: 4 | AB8: 16 | AC8: 22 | AD8: 72 | AE8: 43 | AF8: 282 | AG8: 7258 | AH8: 16 | AI8: 148 | AJ8: 1720 | AK8: 939 | AL8: 479 | AM8: 664 | AN8: 645 | AO8: 495 | AP8: 189 | AQ8: 1963
C9: 男 Male | D9: 1351 | E9: 1138 | F9: 161 | G9: 2 | H9: 15 | I9: 1 | J9: 34 | K9: 1351 | L9: 45 | M9: 185 | N9: 879 | O9: 96 | P9: 56 | Q9: 44 | R9: 34 | S9: 8 | T9: 3 | U9: 1 | V9: 1351 | W9: 1178 | X9: 59 | Y9: 0 | Z9: 16 | AA9: 0 | AB9: 2 | AC9: 0 | AD9: 13 | AE9: 11 | AF9: 72 | AG9: 6316 | AH9: 16 | AI9: 117 | AJ9: 1183 | AK9: 892 | AL9: 468 | AM9: 652 | AN9: 614 | AO9: 488 | AP9: 185 | AQ9: 1701
C10: 女 Female | D10: 6406 | E10: 5623 | F10: 519 | G10: 24 | H10: 114 | I10: 1 | J10: 125 | K10: 6406 | L10: 165 | M10: 441 | N10: 2784 | O10: 1037 | P10: 618 | Q10: 733 | R10: 392 | S10: 164 | T10: 50 | U10: 22 | V10: 6406 | W10: 5571 | X10: 295 | Y10: 6 | Z10: 196 | AA10: 4 | AB10: 14 | AC10: 22 | AD10: 58 | AE10: 32 | AF10: 208 | AG10: 736 | AH10: 0 | AI10: 31 | AJ10: 525 | AK10: 40 | AL10: 10 | AM10: 11 | AN10: 30 | AO10: 7 | AP10: 4 | AQ10: 78
C11: 其他 Other | D11: 2 | E11: 2 | F11: 0 | G11: 0 | H11: 0 | I11: 0 | J11: 0 | K11: 2 | L11: 0 | M11: 0 | N11: 0 | O11: 0 | P11: 2 | Q11: 0 | R11: 0 | S11: 0 | T11: 0 | U11: 0 | V11: 2 | W11: 1 | X11: 0 | Y11: 0 | Z11: 1 | AA11: 0 | AB11: 0 | AC11: 0 | AD11: 0 | AE11: 0 | AF11: 0 | AG11: 0 | AH11: 0 | AI11: 0 | AJ11: 0 | AK11: 0 | AL11: 0 | AM11: 0 | AN11: 0 | AO11: 0 | AP11: 0 | AQ11: 0
C12: 不詳Unknown | D12: 28 | E12: 24 | F12: 0 | G12: 0 | H12: 0 | I12: 0 | J12: 4 | K12: 28 | L12: 0 | M12: 4 | N12: 17 | O12: 2 | P12: 1 | Q12: 1 | R12: 1 | S12: 1 | T12: 0 | U12: 1 | V12: 28 | W12: 25 | X12: 0 | Y12: 0 | Z12: 0 | AA12: 0 | AB12: 0 | AC12: 0 | AD12: 1 | AE12: 0 | AF12: 2 | AG12: 206 | AH12: 0 | AI12: 0 | AJ12: 12 | AK12: 7 | AL12: 1 | AM12: 1 | AN12: 1 | AO12: 0 | AP12: 0 | AQ12: 184
A13: 111年 2022 | C13: 計 Total | D13: 8401 | E13: 7357 | F13: 765 | G13: 29 | H13: 109 | I13: 0 | J13: 141 | K13: 8401 | L13: 203 | M13: 608 | N13: 3998 | O13: 1216 | P13: 763 | Q13: 831 | R13: 489 | S13: 218 | T13: 50 | U13: 25 | V13: 8401 | W13: 7402 | X13: 364 | Y13: 8 | Z13: 265 | AA13: 5 | AB13: 24 | AC13: 32 | AD13: 64 | AE13: 98 | AF13: 139 | AG13: 7865 | AH13: 11 | AI13: 168 | AJ13: 1953 | AK13: 1000 | AL13: 545 | AM13: 719 | AN13: 658 | AO13: 537 | AP13: 209 | AQ13: 2065
C14: 男 Male | D14: 1383 | E14: 1173 | F14: 173 | G14: 1 | H14: 9 | I14: 0 | J14: 27 | K14: 1383 | L14: 35 | M14: 157 | N14: 950 | O14: 93 | P14: 53 | Q14: 53 | R14: 20 | S14: 16 | T14: 5 | U14: 1 | V14: 1383 | W14: 1214 | X14: 66 | Y14: 1 | Z14: 26 | AA14: 1 | AB14: 4 | AC14: 5 | AD14: 13 | AE14: 26 | AF14: 27 | AG14: 6874 | AH14: 6 | AI14: 127 | AJ14: 1398 | AK14: 949 | AL14: 536 | AM14: 693 | AN14: 636 | AO14: 525 | AP14: 206 | AQ14: 1798
C15: 女 Female | D15: 6982 | E15: 6161 | F15: 586 | G15: 28 | H15: 100 | I15: 0 | J15: 107 | K15: 6982 | L15: 167 | M15: 450 | N15: 3023 | O15: 1119 | P15: 709 | Q15: 776 | R15: 469 | S15: 202 | T15: 45 | U15: 22 | V15: 6982 | W15: 6162 | X15: 298 | Y15: 7 | Z15: 238 | AA15: 4 | AB15: 20 | AC15: 27 | AD15: 50 | AE15: 71 | AF15: 105 | AG15: 783 | AH15: 5 | AI15: 40 | AJ15: 544 | AK15: 46 | AL15: 8 | AM15: 26 | AN15: 22 | AO15: 11 | AP15: 3 | AQ15: 78
C16: 其他 Other | D16: 3 | E16: 2 | F16: 1 | G16: 0 | H16: 0 | I16: 0 | J16: 0 | K16: 3 | L16: 0 | M16: 0 | N16: 0 | O16: 2 | P16: 1 | Q16: 0 | R16: 0 | S16: 0 | T16: 0 | U16: 0 | V16: 3 | W16: 3 | X16: 0 | Y16: 0 | Z16: 0 | AA16: 0 | AB16: 0 | AC16: 0 | AD16: 0 | AE16: 0 | AF16: 0 | AG16: 0 | AH16: 0 | AI16: 0 | AJ16: 0 | AK16: 0 | AL16: 0 | AM16: 0 | AN16: 0 | AO16: 0 | AP16: 0 | AQ16: 0
C17: 不詳Unknown | D17: 33 | E17: 21 | F17: 5 | G17: 0 | H17: 0 | I17: 0 | J17: 7 | K17: 33 | L17: 1 | M17: 1 | N17: 25 | O17: 2 | P17: 0 | Q17: 2 | R17: 0 | S17: 0 | T17: 0 | U17: 2 | V17: 33 | W17: 23 | X17: 0 | Y17: 0 | Z17: 1 | AA17: 0 | AB17: 0 | AC17: 0 | AD17: 1 | AE17: 1 | AF17: 7 | AG17: 208 | AH17: 0 | AI17: 1 | AJ17: 11 | AK17: 5 | AL17: 1 | AM17: 0 | AN17: 0 | AO17: 1 | AP17: 0 | AQ17: 189
A18: 112年 2023 | C18: 計 Total | D18: 9413 | E18: 8241 | F18: 813 | G18: 31 | H18: 119 | I18: 0 | J18: 209 | K18: 9413 | L18: 206 | M18: 767 | N18: 4182 | O18: 1323 | P18: 890 | Q18: 1039 | R18: 627 | S18: 256 | T18: 82 | U18: 41 | V18: 9413 | W18: 8301 | X18: 400 | Y18: 17 | Z18: 299 | AA18: 6 | AB18: 18 | AC18: 39 | AD18: 101 | AE18: 101 | AF18: 131 | AG18: 8731 | AH18: 27 | AI18: 168 | AJ18: 2080 | AK18: 1038 | AL18: 564 | AM18: 826 | AN18: 768 | AO18: 637 | AP18: 288 | AQ18: 2335
C19: 男 Male | D19: 1665 | E19: 1442 | F19: 176 | G19: 3 | H19: 10 | I19: 0 | J19: 34 | K19: 1665 | L19: 31 | M19: 230 | N19: 1032 | O19: 135 | P19: 83 | Q19: 86 | R19: 42 | S19: 15 | T19: 6 | U19: 5 | V19: 1665 | W19: 1500 | X19: 63 | Y19: 1 | Z19: 36 | AA19: 0 | AB19: 1 | AC19: 3 | AD19: 18 | AE19: 26 | AF19: 17 | AG19: 7600 | AH19: 21 | AI19: 137 | AJ19: 1435 | AK19: 990 | AL19: 555 | AM19: 798 | AN19: 732 | AO19: 621 | AP19: 285 | AQ19: 2026
C20: 女 Female | D20: 7698 | E20: 6774 | F20: 632 | G20: 27 | H20: 108 | I20: 0 | J20: 157 | K20: 7698 | L20: 175 | M20: 532 | N20: 3122 | O20: 1185 | P20: 804 | Q20: 948 | R20: 582 | S20: 241 | T20: 76 | U20: 33 | V20: 7698 | W20: 6766 | X20: 335 | Y20: 16 | Z20: 263 | AA20: 5 | AB20: 17 | AC20: 36 | AD20: 83 | AE20: 75 | AF20: 102 | AG20: 883 | AH20: 5 | AI20: 31 | AJ20: 634 | AK20: 45 | AL20: 9 | AM20: 24 | AN20: 35 | AO20: 15 | AP20: 3 | AQ20: 82
C21: 其他 Other | D21: 4 | E21: 4 | F21: 0 | G21: 0 | H21: 0 | I21: 0 | J21: 0 | K21: 4 | L21: 0 | M21: 1 | N21: 1 | O21: 2 | P21: 0 | Q21: 0 | R21: 0 | S21: 0 | T21: 0 | U21: 0 | V21: 4 | W21: 4 | X21: 0 | Y21: 0 | Z21: 0 | AA21: 0 | AB21: 0 | AC21: 0 | AD21: 0 | AE21: 0 | AF21: 0 | AG21: 0 | AH21: 0 | AI21: 0 | AJ21: 0 | AK21: 0 | AL21: 0 | AM21: 0 | AN21: 0 | AO21: 0 | AP21: 0 | AQ21: 0
C22: 不詳Unknown | D22: 46 | E22: 21 | F22: 5 | G22: 1 | H22: 1 | I22: 0 | J22: 18 | K22: 46 | L22: 0 | M22: 4 | N22: 27 | O22: 1 | P22: 3 | Q22: 5 | R22: 3 | S22: 0 | T22: 0 | U22: 3 | V22: 46 | W22: 31 | X22: 2 | Y22: 0 | Z22: 0 | AA22: 1 | AB22: 0 | AC22: 0 | AD22: 0 | AE22: 0 | AF22: 12 | AG22: 248 | AH22: 1 | AI22: 0 | AJ22: 11 | AK22: 3 | AL22: 0 | AM22: 4 | AN22: 1 | AO22: 1 | AP22: 0 | AQ22: 227
A23: 113年 2024 | C23: 計 Total | D23: 9230 | E23: 8138 | F23: 715 | G23: 33 | H23: 169 | I23: 0 | J23: 175 | K23: 9230 | L23: 268 | M23: 830 | N23: 3695 | O23: 1383 | P23: 970 | Q23: 1079 | R23: 631 | S23: 267 | T23: 76 | U23: 31 | V23: 9230 | W23: 8124 | X23: 399 | Y23: 12 | Z23: 312 | AA23: 12 | AB23: 29 | AC23: 37 | AD23: 98 | AE23: 109 | AF23: 98 | AG23: 8471 | AH23: 19 | AI23: 195 | AJ23: 1702 | AK23: 999 | AL23: 615 | AM23: 853 | AN23: 781 | AO23: 633 | AP23: 313 | AQ23: 2361
C24: 男 Male | D24: 1612 | E24: 1391 | F24: 164 | G24: 3 | H24: 11 | I24: 0 | J24: 43 | K24: 1612 | L24: 45 | M24: 263 | N24: 877 | O24: 157 | P24: 99 | Q24: 105 | R24: 37 | S24: 21 | T24: 5 | U24: 3 | V24: 1612 | W24: 1414 | X24: 78 | Y24: 2 | Z24: 34 | AA24: 3 | AB24: 5 | AC24: 8 | AD24: 24 | AE24: 34 | AF24: 10 | AG24: 7442 | AH24: 13 | AI24: 154 | AJ24: 1208 | AK24: 944 | AL24: 601 | AM24: 817 | AN24: 745 | AO24: 620 | AP24: 307 | AQ24: 2033
C25: 女 Female | D25: 7572 | E25: 6714 | F25: 547 | G25: 30 | H25: 157 | I25: 0 | J25: 124 | K25: 7572 | L25: 222 | M25: 564 | N25: 2787 | O25: 1224 | P25: 869 | Q25: 968 | R25: 594 | S25: 245 | T25: 71 | U25: 28 | V25: 7572 | W25: 6671 | X25: 320 | Y25: 10 | Z25: 277 | AA25: 9 | AB25: 24 | AC25: 29 | AD25: 72 | AE25: 74 | AF25: 86 | AG25: 790 | AH25: 6 | AI25: 41 | AJ25: 489 | AK25: 48 | AL25: 12 | AM25: 31 | AN25: 34 | AO25: 11 | AP25: 5 | AQ25: 113
C26: 其他 Other | D26: 6 | E26: 4 | F26: 0 | G26: 0 | H26: 1 | I26: 0 | J26: 1 | K26: 6 | L26: 0 | M26: 0 | N26: 1 | O26: 2 | P26: 0 | Q26: 2 | R26: 0 | S26: 1 | T26: 0 | U26: 0 | V26: 6 | W26: 4 | X26: 0 | Y26: 0 | Z26: 1 | AA26: 0 | AB26: 0 | AC26: 0 | AD26: 0 | AE26: 0 | AF26: 1 | AG26: 0 | AH26: 0 | AI26: 0 | AJ26: 0 | AK26: 0 | AL26: 0 | AM26: 0 | AN26: 0 | AO26: 0 | AP26: 0 | AQ26: 0
C27: 不詳Unknown | D27: 40 | E27: 29 | F27: 4 | G27: 0 | H27: 0 | I27: 0 | J27: 7 | K27: 40 | L27: 1 | M27: 3 | N27: 30 | O27: 0 | P27: 2 | Q27: 4 | R27: 0 | S27: 0 | T27: 0 | U27: 0 | V27: 40 | W27: 35 | X27: 1 | Y27: 0 | Z27: 0 | AA27: 0 | AB27: 0 | AC27: 0 | AD27: 2 | AE27: 1 | AF27: 1 | AG27: 239 | AH27: 0 | AI27: 0 | AJ27: 5 | AK27: 7 | AL27: 2 | AM27: 5 | AN27: 2 | AO27: 2 | AP27: 1 | AQ27: 215
A28: 113年上半年 Jan.-June ,2024 | C28: 計 Total | D28: 4808 | E28: 4253 | F28: 380 | G28: 12 | H28: 81 | I28: 0 | J28: 82 | K28: 4808 | L28: 119 | M28: 419 | N28: 2054 | O28: 707 | P28: 475 | Q28: 536 | R28: 323 | S28: 131 | T28: 32 | U28: 12 | V28: 4808 | W28: 4250 | X28: 213 | Y28: 9 | Z28: 137 | AA28: 8 | AB28: 9 | AC28: 17 | AD28: 56 | AE28: 52 | AF28: 57 | AG28: 4456 | AH28: 6 | AI28: 97 | AJ28: 958 | AK28: 560 | AL28: 301 | AM28: 423 | AN28: 386 | AO28: 320 | AP28: 162 | AQ28: 1243
C29: 男 Male | D29: 823 | E29: 706 | F29: 97 | G29: 0 | H29: 3 | I29: 0 | J29: 17 | K29: 823 | L29: 25 | M29: 115 | N29: 470 | O29: 85 | P29: 45 | Q29: 49 | R29: 19 | S29: 12 | T29: 2 | U29: 1 | V29: 823 | W29: 729 | X29: 36 | Y29: 1 | Z29: 16 | AA29: 2 | AB29: 1 | AC29: 4 | AD29: 15 | AE29: 15 | AF29: 4 | AG29: 3892 | AH29: 6 | AI29: 70 | AJ29: 659 | AK29: 525 | AL29: 296 | AM29: 407 | AN29: 369 | AO29: 315 | AP29: 159 | AQ29: 1086
C30: 女 Female | D30: 3954 | E30: 3524 | F30: 280 | G30: 12 | H30: 77 | I30: 0 | J30: 61 | K30: 3954 | L30: 94 | M30: 302 | N30: 1564 | O30: 620 | P30: 428 | Q30: 482 | R30: 304 | S30: 119 | T30: 30 | U30: 11 | V30: 3954 | W30: 3495 | X30: 176 | Y30: 8 | Z30: 121 | AA30: 6 | AB30: 8 | AC30: 13 | AD30: 40 | AE30: 36 | AF30: 51 | AG30: 454 | AH30: 0 | AI30: 27 | AJ30: 296 | AK30: 31 | AL30: 5 | AM30: 14 | AN30: 16 | AO30: 5 | AP30: 3 | AQ30: 57
C31: 其他 Other | D31: 5 | E31: 3 | F31: 0 | G31: 0 | H31: 1 | I31: 0 | J31: 1 | K31: 5 | L31: 0 | M31: 0 | N31: 1 | O31: 2 | P31: 0 | Q31: 2 | R31: 0 | S31: 0 | T31: 0 | U31: 0 | V31: 5 | W31: 4 | X31: 0 | Y31: 0 | Z31: 0 | AA31: 0 | AB31: 0 | AC31: 0 | AD31: 0 | AE31: 0 | AF31: 1 | AG31: 0 | AH31: 0 | AI31: 0 | AJ31: 0 | AK31: 0 | AL31: 0 | AM31: 0 | AN31: 0 | AO31: 0 | AP31: 0 | AQ31: 0
C32: 不詳Unknown | D32: 26 | E32: 20 | F32: 3 | G32: 0 | H32: 0 | I32: 0 | J32: 3 | K32: 26 | L32: 0 | M32: 2 | N32: 19 | O32: 0 | P32: 2 | Q32: 3 | R32: 0 | S32: 0 | T32: 0 | U32: 0 | V32: 26 | W32: 22 | X32: 1 | Y32: 0 | Z32: 0 | AA32: 0 | AB32: 0 | AC32: 0 | AD32: 1 | AE32: 1 | AF32: 1 | AG32: 110 | AH32: 0 | AI32: 0 | AJ32: 3 | AK32: 4 | AL32: 0 | AM32: 2 | AN32: 1 | AO32: 0 | AP32: 0 | AQ32: 100
A33: 113年下半年 July-Dec. ,2024 | C33: 計 Total | D33: 4422 | E33: 3885 | F33: 335 | G33: 21 | H33: 88 | I33: 0 | J33: 93 | K33: 4422 | L33: 149 | M33: 411 | N33: 1641 | O33: 676 | P33: 495 | Q33: 543 | R33: 308 | S33: 136 | T33: 44 | U33: 19 | V33: 4422 | W33: 3874 | X33: 186 | Y33: 3 | Z33: 175 | AA33: 4 | AB33: 20 | AC33: 20 | AD33: 42 | AE33: 57 | AF33: 41 | AG33: 4015 | AH33: 13 | AI33: 98 | AJ33: 744 | AK33: 439 | AL33: 314 | AM33: 430 | AN33: 395 | AO33: 313 | AP33: 151 | AQ33: 1118
C34: 男 Male | D34: 789 | E34: 685 | F34: 67 | G34: 3 | H34: 8 | I34: 0 | J34: 26 | K34: 789 | L34: 20 | M34: 148 | N34: 407 | O34: 72 | P34: 54 | Q34: 56 | R34: 18 | S34: 9 | T34: 3 | U34: 2 | V34: 789 | W34: 685 | X34: 42 | Y34: 1 | Z34: 18 | AA34: 1 | AB34: 4 | AC34: 4 | AD34: 9 | AE34: 19 | AF34: 6 | AG34: 3550 | AH34: 7 | AI34: 84 | AJ34: 549 | AK34: 419 | AL34: 305 | AM34: 410 | AN34: 376 | AO34: 305 | AP34: 148 | AQ34: 947
C35: 女 Female | D35: 3618 | E35: 3190 | F35: 267 | G35: 18 | H35: 80 | I35: 0 | J35: 63 | K35: 3618 | L35: 128 | M35: 262 | N35: 1223 | O35: 604 | P35: 441 | Q35: 486 | R35: 290 | S35: 126 | T35: 41 | U35: 17 | V35: 3618 | W35: 3176 | X35: 144 | Y35: 2 | Z35: 156 | AA35: 3 | AB35: 16 | AC35: 16 | AD35: 32 | AE35: 38 | AF35: 35 | AG35: 336 | AH35: 6 | AI35: 14 | AJ35: 193 | AK35: 17 | AL35: 7 | AM35: 17 | AN35: 18 | AO35: 6 | AP35: 2 | AQ35: 56
C36: 其他 Other | D36: 1 | E36: 1 | F36: 0 | G36: 0 | H36: 0 | I36: 0 | J36: 0 | K36: 1 | L36: 0 | M36: 0 | N36: 0 | O36: 0 | P36: 0 | Q36: 0 | R36: 0 | S36: 1 | T36: 0 | U36: 0 | V36: 1 | W36: 0 | X36: 0 | Y36: 0 | Z36: 1 | AA36: 0 | AB36: 0 | AC36: 0 | AD36: 0 | AE36: 0 | AF36: 0 | AG36: 0 | AH36: 0 | AI36: 0 | AJ36: 0 | AK36: 0 | AL36: 0 | AM36: 0 | AN36: 0 | AO36: 0 | AP36: 0 | AQ36: 0
C37: 不詳Unknown | D37: 14 | E37: 9 | F37: 1 | G37: 0 | H37: 0 | I37: 0 | J37: 4 | K37: 14 | L37: 1 | M37: 1 | N37: 11 | O37: 0 | P37: 0 | Q37: 1 | R37: 0 | S37: 0 | T37: 0 | U37: 0 | V37: 14 | W37: 13 | X37: 0 | Y37: 0 | Z37: 0 | AA37: 0 | AB37: 0 | AC37: 0 | AD37: 1 | AE37: 0 | AF37: 0 | AG37: 129 | AH37: 0 | AI37: 0 | AJ37: 2 | AK37: 3 | AL37: 2 | AM37: 3 | AN37: 1 | AO37: 2 | AP37: 1 | AQ37: 115
A38: 114年 2025 | C38: 計 Total | D38: 9565 | E38: 8376 | F38: 761 | G38: 37 | H38: 175 | I38: 1 | J38: 215 | K38: 9565 | L38: 231 | M38: 752 | N38: 3729 | O38: 1439 | P38: 1080 | Q38: 1206 | R38: 697 | S38: 291 | T38: 91 | U38: 49 | V38: 9565 | W38: 8474 | X38: 332 | Y38: 13 | Z38: 316 | AA38: 6 | AB38: 19 | AC38: 51 | AD38: 98 | AE38: 130 | AF38: 126 | AG38: 8768 | AH38: 25 | AI38: 197 | AJ38: 1697 | AK38: 1008 | AL38: 648 | AM38: 907 | AN38: 877 | AO38: 611 | AP38: 308 | AQ38: 2490
C39: 男 Male | D39: 1603 | E39: 1398 | F39: 147 | G39: 5 | H39: 16 | I39: 1 | J39: 36 | K39: 1603 | L39: 44 | M39: 229 | N39: 835 | O39: 162 | P39: 118 | Q39: 130 | R39: 49 | S39: 23 | T39: 6 | U39: 7 | V39: 1603 | W39: 1413 | X39: 54 | Y39: 5 | Z39: 38 | AA39: 1 | AB39: 2 | AC39: 9 | AD39: 24 | AE39: 38 | AF39: 19 | AG39: 7664 | AH39: 23 | AI39: 153 | AJ39: 1187 | AK39: 970 | AL39: 620 | AM39: 867 | AN39: 844 | AO39: 589 | AP39: 296 | AQ39: 2115
C40: 女 Female | D40: 7935 | E40: 6962 | F40: 612 | G40: 32 | H40: 159 | I40: 0 | J40: 170 | K40: 7935 | L40: 187 | M40: 522 | N40: 2877 | O40: 1274 | P40: 961 | Q40: 1075 | R40: 648 | S40: 268 | T40: 85 | U40: 38 | V40: 7935 | W40: 7042 | X40: 278 | Y40: 8 | Z40: 278 | AA40: 5 | AB40: 17 | AC40: 42 | AD40: 74 | AE40: 90 | AF40: 101 | AG40: 828 | AH40: 2 | AI40: 44 | AJ40: 499 | AK40: 37 | AL40: 27 | AM40: 39 | AN40: 30 | AO40: 21 | AP40: 11 | AQ40: 118
C41: 其他 Other | D41: 2 | E41: 2 | F41: 0 | G41: 0 | H41: 0 | I41: 0 | J41: 0 | K41: 2 | L41: 0 | M41: 0 | N41: 0 | O41: 1 | P41: 0 | Q41: 1 | R41: 0 | S41: 0 | T41: 0 | U41: 0 | V41: 2 | W41: 1 | X41: 0 | Y41: 0 | Z41: 0 | AA41: 0 | AB41: 0 | AC41: 0 | AD41: 0 | AE41: 1 | AF41: 0 | AG41: 0 | AH41: 0 | AI41: 0 | AJ41: 0 | AK41: 0 | AL41: 0 | AM41: 0 | AN41: 0 | AO41: 0 | AP41: 0 | AQ41: 0
C42: 不詳Unknown | D42: 25 | E42: 14 | F42: 2 | G42: 0 | H42: 0 | I42: 0 | J42: 9 | K42: 25 | L42: 0 | M42: 1 | N42: 17 | O42: 2 | P42: 1 | Q42: 0 | R42: 0 | S42: 0 | T42: 0 | U42: 4 | V42: 25 | W42: 18 | X42: 0 | Y42: 0 | Z42: 0 | AA42: 0 | AB42: 0 | AC42: 0 | AD42: 0 | AE42: 1 | AF42: 6 | AG42: 276 | AH42: 0 | AI42: 0 | AJ42: 11 | AK42: 1 | AL42: 1 | AM42: 1 | AN42: 3 | AO42: 1 | AP42: 1 | AQ42: 257
A43: 114年上半年 Jan.-June ,2025 | C43: 計 Total | D43: 5060 | E43: 4444 | F43: 409 | G43: 14 | H43: 83 | I43: 1 | J43: 109 | K43: 5060 | L43: 123 | M43: 405 | N43: 2135 | O43: 702 | P43: 549 | Q43: 594 | R43: 343 | S43: 144 | T43: 34 | U43: 31 | V43: 5060 | W43: 4544 | X43: 164 | Y43: 6 | Z43: 150 | AA43: 2 | AB43: 8 | AC43: 22 | AD43: 37 | AE43: 56 | AF43: 71 | AG43: 4571 | AH43: 9 | AI43: 108 | AJ43: 989 | AK43: 533 | AL43: 316 | AM43: 462 | AN43: 411 | AO43: 333 | AP43: 146 | AQ43: 1264
C44: 男 Male | D44: 903 | E44: 798 | F44: 76 | G44: 1 | H44: 8 | I44: 1 | J44: 19 | K44: 903 | L44: 28 | M44: 127 | N44: 509 | O44: 83 | P44: 57 | Q44: 64 | R44: 20 | S44: 8 | T44: 3 | U44: 4 | V44: 903 | W44: 811 | X44: 30 | Y44: 4 | Z44: 16 | AA44: 0 | AB44: 2 | AC44: 6 | AD44: 10 | AE44: 15 | AF44: 9 | AG44: 3977 | AH44: 9 | AI44: 85 | AJ44: 691 | AK44: 513 | AL44: 304 | AM44: 443 | AN44: 398 | AO44: 325 | AP44: 141 | AQ44: 1068
C45: 女 Female | D45: 4139 | E45: 3636 | F45: 332 | G45: 13 | H45: 75 | I45: 0 | J45: 83 | K45: 4139 | L45: 95 | M45: 277 | N45: 1615 | O45: 618 | P45: 491 | Q45: 529 | R45: 323 | S45: 136 | T45: 31 | U45: 24 | V45: 4139 | W45: 3721 | X45: 134 | Y45: 2 | Z45: 134 | AA45: 2 | AB45: 6 | AC45: 16 | AD45: 27 | AE45: 39 | AF45: 58 | AG45: 458 | AH45: 0 | AI45: 23 | AJ45: 292 | AK45: 19 | AL45: 12 | AM45: 19 | AN45: 11 | AO45: 8 | AP45: 5 | AQ45: 69
C46: 其他 Other | D46: 2 | E46: 2 | F46: 0 | G46: 0 | H46: 0 | I46: 0 | J46: 0 | K46: 2 | L46: 0 | M46: 0 | N46: 0 | O46: 1 | P46: 0 | Q46: 1 | R46: 0 | S46: 0 | T46: 0 | U46: 0 | V46: 2 | W46: 1 | X46: 0 | Y46: 0 | Z46: 0 | AA46: 0 | AB46: 0 | AC46: 0 | AD46: 0 | AE46: 1 | AF46: 0 | AG46: 0 | AH46: 0 | AI46: 0 | AJ46: 0 | AK46: 0 | AL46: 0 | AM46: 0 | AN46: 0 | AO46: 0 | AP46: 0 | AQ46: 0
C47: 不詳Unknown | D47: 16 | E47: 8 | F47: 1 | G47: 0 | H47: 0 | I47: 0 | J47: 7 | K47: 16 | L47: 0 | M47: 1 | N47: 11 | O47: 0 | P47: 1 | Q47: 0 | R47: 0 | S47: 0 | T47: 0 | U47: 3 | V47: 16 | W47: 11 | X47: 0 | Y47: 0 | Z47: 0 | AA47: 0 | AB47: 0 | AC47: 0 | AD47: 0 | AE47: 1 | AF47: 4 | AG47: 136 | AH47: 0 | AI47: 0 | AJ47: 6 | AK47: 1 | AL47: 0 | AM47: 0 | AN47: 2 | AO47: 0 | AP47: 0 | AQ47: 127
A48: 114年下半年 July-Dec. ,2025 | C48: 計 Total | D48: 4505 | E48: 3932 | F48: 352 | G48: 23 | H48: 92 | I48: 0 | J48: 106 | K48: 4505 | L48: 108 | M48: 347 | N48: 1594 | O48: 737 | P48: 531 | Q48: 612 | R48: 354 | S48: 147 | T48: 57 | U48: 18 | V48: 4505 | W48: 3930 | X48: 168 | Y48: 7 | Z48: 166 | AA48: 4 | AB48: 11 | AC48: 29 | AD48: 61 | AE48: 74 | AF48: 55 | AG48: 4197 | AH48: 16 | AI48: 89 | AJ48: 708 | AK48: 475 | AL48: 332 | AM48: 445 | AN48: 466 | AO48: 278 | AP48: 162 | AQ48: 1226
C49: 男 Male | D49: 700 | E49: 600 | F49: 71 | G49: 4 | H49: 8 | I49: 0 | J49: 17 | K49: 700 | L49: 16 | M49: 102 | N49: 326 | O49: 79 | P49: 61 | Q49: 66 | R49: 29 | S49: 15 | T49: 3 | U49: 3 | V49: 700 | W49: 602 | X49: 24 | Y49: 1 | Z49: 22 | AA49: 1 | AB49: 0 | AC49: 3 | AD49: 14 | AE49: 23 | AF49: 10 | AG49: 3687 | AH49: 14 | AI49: 68 | AJ49: 496 | AK49: 457 | AL49: 316 | AM49: 424 | AN49: 446 | AO49: 264 | AP49: 155 | AQ49: 1047
C50: 女 Female | D50: 3796 | E50: 3326 | F50: 280 | G50: 19 | H50: 84 | I50: 0 | J50: 87 | K50: 3796 | L50: 92 | M50: 245 | N50: 1262 | O50: 656 | P50: 470 | Q50: 546 | R50: 325 | S50: 132 | T50: 54 | U50: 14 | V50: 3796 | W50: 3321 | X50: 144 | Y50: 6 | Z50: 144 | AA50: 3 | AB50: 11 | AC50: 26 | AD50: 47 | AE50: 51 | AF50: 43 | AG50: 370 | AH50: 2 | AI50: 21 | AJ50: 207 | AK50: 18 | AL50: 15 | AM50: 20 | AN50: 19 | AO50: 13 | AP50: 6 | AQ50: 49
C51: 其他 Other | D51: 0 | E51: 0 | F51: 0 | G51: 0 | H51: 0 | I51: 0 | J51: 0 | K51: 0 | L51: 0 | M51: 0 | N51: 0 | O51: 0 | P51: 0 | Q51: 0 | R51: 0 | S51: 0 | T51: 0 | U51: 0 | V51: 0 | W51: 0 | X51: 0 | Y51: 0 | Z51: 0 | AA51: 0 | AB51: 0 | AC51: 0 | AD51: 0 | AE51: 0 | AF51: 0 | AG51: 0 | AH51: 0 | AI51: 0 | AJ51: 0 | AK51: 0 | AL51: 0 | AM51: 0 | AN51: 0 | AO51: 0 | AP51: 0 | AQ51: 0
C52: 不詳Unknown | D52: 9 | E52: 6 | F52: 1 | G52: 0 | H52: 0 | I52: 0 | J52: 2 | K52: 9 | L52: 0 | M52: 0 | N52: 6 | O52: 2 | P52: 0 | Q52: 0 | R52: 0 | S52: 0 | T52: 0 | U52: 1 | V52: 9 | W52: 7 | X52: 0 | Y52: 0 | Z52: 0 | AA52: 0 | AB52: 0 | AC52: 0 | AD52: 0 | AE52: 0 | AF52: 2 | AG52: 140 | AH52: 0 | AI52: 0 | AJ52: 5 | AK52: 0 | AL52: 1 | AM52: 1 | AN52: 1 | AO52: 1 | AP52: 1 | AQ52: 130
A53: 資料來源：本部保護服務司。
A54: Source :Department of Protective Services , MOHW.
A55: 註：性別「其他」係指不同的性別認同；「不詳」係指受理通報人員因故難以勾選被害人或相對人之性別，如：聯繫不上當事人或重要關係人以確認性別等。
A58: 更新日期：2026/3/20

Sheet 2025
A1: 性侵害事件通報被害及嫌疑人概況 Overview of Victim and Offender Status in Reporting Sexual Assault Cases
A2: 114年，2025
A3: 單位：人 unit:Person
A4: 區域別 | C4: 性別 | D4: 性侵害被害人統計 Statistics of Sexual Assault Victims | AG4: 性侵害嫌疑人年齡統計 Statistics of Age of Sexual Assault Offenders
D5: 國籍、身分別 By Nationality and Identity | K5: 年齡別 By Age | V5: 身心障礙別 By Disability | AG5: 年齡別 By Age
D6: 合計 | E6: 本國籍 非原住民 | F6: 本國籍 原住民 | G6: 大陸及 港澳籍 | H6: 外國籍 | I6: 無國籍 | J6: 資料 不明 | K6: 合計 | L6: 0-未滿6歲 | M6: 6-未滿12歲 | N6: 12-未滿18歲 | O6: 18-未滿24歲 | P6: 24-未滿30歲 | Q6: 30-未滿40歲 | R6: 40-未滿50歲 | S6: 50-未滿65歲 | T6: 65歲 以上 | U6: 不詳 | V6: 合計 | W6: 非身心 障礙 | X6: 智障 | Y6: 視障 | Z6: 精神 病患 | AA6: 聲(語)障 | AB6: 聽障 | AC6: 肢障 | AD6: 多重 障礙 | AE6: 其他 障礙 | AF6: 不詳 | AG6: 合計 | AH6: 0-未滿6歲 | AI6: 6-未滿12歲 | AJ6: 12-未滿18歲 | AK6: 18-未滿24歲 | AL6: 24-未滿30歲 | AM6: 30-未滿40歲 | AN6: 40-未滿50歲 | AO6: 50-未滿65歲 | AP6: 65歲 以上 | AQ6: 不詳
A7: Locality | C7: Gender | D7: Total | E7: Non-Indigenous Native | F7: Indigenous Native | G7: Mainland China and Hong Kong and Macau | H7: Foreign | I7: Stateless | J7: Unknown Information | K7: Total | L7: Under 6 Years | M7: 6-Under 12 Years | N7: 12-Under 18 Years | O7: 18-Under 24 Years | P7: 24-Under 30 Years | Q7: 30-Under 40 Years | R7: 40-Under 50 Years | S7: 50-Under 65 Years | T7: Above 65 Years | U7: Unknown | V7: Total | W7: Not Disability | X7: Intellectually Disabled | Y7: Vision | Z7: Mentally Illed | AA7: Voice | AB7: Hearing | AC7: Physically Impaired | AD7: Multiple | AE7: Other | AF7: Unknown | AG7: Total | AH7: Under 6 Years | AI7: 6-Under 12 Years | AJ7: 12-Under 18 Years | AK7: 18-Under 2 Years | AL7: 24-Under 30 Years | AM7: 30-Under 40 Years | AN7: 40-Under 50 Years | AO7: 50-Under 65 Years | AP7: Above 65 Years | AQ7: Unknown
A8: 總計 | C8: 計 Total | D8: 9565 | E8: 8376 | F8: 761 | G8: 37 | H8: 175 | I8: 1 | J8: 215 | K8: 9565 | L8: 231 | M8: 752 | N8: 3729 | O8: 1439 | P8: 1080 | Q8: 1206 | R8: 697 | S8: 291 | T8: 91 | U8: 49 | V8: 9565 | W8: 8474 | X8: 332 | Y8: 13 | Z8: 316 | AA8: 6 | AB8: 19 | AC8: 51 | AD8: 98 | AE8: 130 | AF8: 126 | AG8: 8768 | AH8: 25 | AI8: 197 | AJ8: 1697 | AK8: 1008 | AL8: 648 | AM8: 907 | AN8: 877 | AO8: 611 | AP8: 308 | AQ8: 2490
C9: 男 Male | D9: 1603 | E9: 1398 | F9: 147 | G9: 5 | H9: 16 | I9: 1 | J9: 36 | K9: 1603 | L9: 44 | M9: 229 | N9: 835 | O9: 162 | P9: 118 | Q9: 130 | R9: 49 | S9: 23 | T9: 6 | U9: 7 | V9: 1603 | W9: 1413 | X9: 54 | Y9: 5 | Z9: 38 | AA9: 1 | AB9: 2 | AC9: 9 | AD9: 24 | AE9: 38 | AF9: 19 | AG9: 7664 | AH9: 23 | AI9: 153 | AJ9: 1187 | AK9: 970 | AL9: 620 | AM9: 867 | AN9: 844 | AO9: 589 | AP9: 296 | AQ9: 2115
A10: Total | C10: 女 Female | D10: 7935 | E10: 6962 | F10: 612 | G10: 32 | H10: 159 | I10: 0 | J10: 170 | K10: 7935 | L10: 187 | M10: 522 | N10: 2877 | O10: 1274 | P10: 961 | Q10: 1075 | R10: 648 | S10: 268 | T10: 85 | U10: 38 | V10: 7935 | W10: 7042 | X10: 278 | Y10: 8 | Z10: 278 | AA10: 5 | AB10: 17 | AC10: 42 | AD10: 74 | AE10: 90 | AF10: 101 | AG10: 828 | AH10: 2 | AI10: 44 | AJ10: 499 | AK10: 37 | AL10: 27 | AM10: 39 | AN10: 30 | AO10: 21 | AP10: 11 | AQ10: 118
C11: 其他 Other | D11: 2 | E11: 2 | F11: 0 | G11: 0 | H11: 0 | I11: 0 | J11: 0 | K11: 2 | L11: 0 | M11: 0 | N11: 0 | O11: 1 | P11: 0 | Q11: 1 | R11: 0 | S11: 0 | T11: 0 | U11: 0 | V11: 2 | W11: 1 | X11: 0 | Y11: 0 | Z11: 0 | AA11: 0 | AB11: 0 | AC11: 0 | AD11: 0 | AE11: 1 | AF11: 0 | AG11: 0 | AH11: 0 | AI11: 0 | AJ11: 0 | AK11: 0 | AL11: 0 | AM11: 0 | AN11: 0 | AO11: 0 | AP11: 0 | AQ11: 0
C12: 不詳Unknown | D12: 25 | E12: 14 | F12: 2 | G12: 0 | H12: 0 | I12: 0 | J12: 9 | K12: 25 | L12: 0 | M12: 1 | N12: 17 | O12: 2 | P12: 1 | Q12: 0 | R12: 0 | S12: 0 | T12: 0 | U12: 4 | V12: 25 | W12: 18 | X12: 0 | Y12: 0 | Z12: 0 | AA12: 0 | AB12: 0 | AC12: 0 | AD12: 0 | AE12: 1 | AF12: 6 | AG12: 276 | AH12: 0 | AI12: 0 | AJ12: 11 | AK12: 1 | AL12: 1 | AM12: 1 | AN12: 3 | AO12: 1 | AP12: 1 | AQ12: 257
A13: 新北市 | C13: 計 Total | D13: 1745 | E13: 1568 | F13: 68 | G13: 5 | H13: 25 | I13: 1 | J13: 78 | K13: 1745 | L13: 40 | M13: 138 | N13: 707 | O13: 250 | P13: 217 | Q13: 222 | R13: 98 | S13: 36 | T13: 18 | U13: 19 | V13: 1745 | W13: 1548 | X13: 52 | Y13: 1 | Z13: 55 | AA13: 1 | AB13: 3 | AC13: 9 | AD13: 17 | AE13: 26 | AF13: 33 | AG13: 1615 | AH13: 6 | AI13: 36 | AJ13: 320 | AK13: 163 | AL13: 91 | AM13: 145 | AN13: 152 | AO13: 89 | AP13: 55 | AQ13: 558
C14: 男 Male | D14: 286 | E14: 256 | F14: 15 | G14: 2 | H14: 1 | I14: 1 | J14: 11 | K14: 286 | L14: 7 | M14: 38 | N14: 157 | O14: 28 | P14: 21 | Q14: 20 | R14: 9 | S14: 2 | T14: 1 | U14: 3 | V14: 286 | W14: 246 | X14: 12 | Y14: 1 | Z14: 8 | AA14: 0 | AB14: 0 | AC14: 0 | AD14: 4 | AE14: 9 | AF14: 6 | AG14: 1383 | AH14: 5 | AI14: 26 | AJ14: 215 | AK14: 158 | AL14: 86 | AM14: 137 | AN14: 140 | AO14: 84 | AP14: 51 | AQ14: 481
A15: New Taipei City | C15: 女 Female | D15: 1452 | E15: 1305 | F15: 53 | G15: 3 | H15: 24 | I15: 0 | J15: 67 | K15: 1452 | L15: 33 | M15: 100 | N15: 545 | O15: 221 | P15: 196 | Q15: 201 | R15: 89 | S15: 34 | T15: 17 | U15: 16 | V15: 1452 | W15: 1296 | X15: 40 | Y15: 0 | Z15: 47 | AA15: 1 | AB15: 3 | AC15: 9 | AD15: 13 | AE15: 16 | AF15: 27 | AG15: 186 | AH15: 1 | AI15: 10 | AJ15: 102 | AK15: 5 | AL15: 5 | AM15: 8 | AN15: 11 | AO15: 5 | AP15: 4 | AQ15: 35
C16: 其他 Other | D16: 2 | E16: 2 | F16: 0 | G16: 0 | H16: 0 | I16: 0 | J16: 0 | K16: 2 | L16: 0 | M16: 0 | N16: 0 | O16: 1 | P16: 0 | Q16: 1 | R16: 0 | S16: 0 | T16: 0 | U16: 0 | V16: 2 | W16: 1 | X16: 0 | Y16: 0 | Z16: 0 | AA16: 0 | AB16: 0 | AC16: 0 | AD16: 0 | AE16: 1 | AF16: 0 | AG16: 0 | AH16: 0 | AI16: 0 | AJ16: 0 | AK16: 0 | AL16: 0 | AM16: 0 | AN16: 0 | AO16: 0 | AP16: 0 | AQ16: 0
C17: 不詳Unknown | D17: 5 | E17: 5 | F17: 0 | G17: 0 | H17: 0 | I17: 0 | J17: 0 | K17: 5 | L17: 0 | M17: 0 | N17: 5 | O17: 0 | P17: 0 | Q17: 0 | R17: 0 | S17: 0 | T17: 0 | U17: 0 | V17: 5 | W17: 5 | X17: 0 | Y17: 0 | Z17: 0 | AA17: 0 | AB17: 0 | AC17: 0 | AD17: 0 | AE17: 0 | AF17: 0 | AG17: 46 | AH17: 0 | AI17: 0 | AJ17: 3 | AK17: 0 | AL17: 0 | AM17: 0 | AN17: 1 | AO17: 0 | AP17: 0 | AQ17: 42
A18: 臺北市 | C18: 計 Total | D18: 976 | E18: 888 | F18: 13 | G18: 7 | H18: 32 | I18: 0 | J18: 36 | K18: 976 | L18: 20 | M18: 65 | N18: 225 | O18: 202 | P18: 156 | Q18: 171 | R18: 84 | S18: 29 | T18: 12 | U18: 12 | V18: 976 | W18: 851 | X18: 16 | Y18: 2 | Z18: 33 | AA18: 0 | AB18: 1 | AC18: 8 | AD18: 10 | AE18: 16 | AF18: 39 | AG18: 799 | AH18: 5 | AI18: 22 | AJ18: 84 | AK18: 61 | AL18: 73 | AM18: 73 | AN18: 73 | AO18: 48 | AP18: 26 | AQ18: 334
C19: 男 Male | D19: 153 | E19: 135 | F19: 1 | G19: 2 | H19: 9 | I19: 0 | J19: 6 | K19: 153 | L19: 3 | M19: 25 | N19: 44 | O19: 27 | P19: 20 | Q19: 22 | R19: 5 | S19: 4 | T19: 1 | U19: 2 | V19: 153 | W19: 128 | X19: 2 | Y19: 1 | Z19: 3 | AA19: 0 | AB19: 0 | AC19: 4 | AD19: 3 | AE19: 4 | AF19: 8 | AG19: 722 | AH19: 5 | AI19: 16 | AJ19: 64 | AK19: 56 | AL19: 70 | AM19: 69 | AN19: 70 | AO19: 44 | AP19: 26 | AQ19: 302
A20: Taipei City | C20: 女 Female | D20: 819 | E20: 752 | F20: 12 | G20: 5 | H20: 23 | I20: 0 | J20: 27 | K20: 819 | L20: 17 | M20: 40 | N20: 181 | O20: 174 | P20: 135 | Q20: 149 | R20: 79 | S20: 25 | T20: 11 | U20: 8 | V20: 819 | W20: 723 | X20: 14 | Y20: 1 | Z20: 30 | AA20: 0 | AB20: 1 | AC20: 4 | AD20: 7 | AE20: 12 | AF20: 27 | AG20: 53 | AH20: 0 | AI20: 6 | AJ20: 20 | AK20: 4 | AL20: 3 | AM20: 4 | AN20: 2 | AO20: 4 | AP20: 0 | AQ20: 10
C21: 其他 Other | D21: 0 | E21: 0 | F21: 0 | G21: 0 | H21: 0 | I21: 0 | J21: 0 | K21: 0 | L21: 0 | M21: 0 | N21: 0 | O21: 0 | P21: 0 | Q21: 0 | R21: 0 | S21: 0 | T21: 0 | U21: 0 | V21: 0 | W21: 0 | X21: 0 | Y21: 0 | Z21: 0 | AA21: 0 | AB21: 0 | AC21: 0 | AD21: 0 | AE21: 0 | AF21: 0 | AG21: 0 | AH21: 0 | AI21: 0 | AJ21: 0 | AK21: 0 | AL21: 0 | AM21: 0 | AN21: 0 | AO21: 0 | AP21: 0 | AQ21: 0
C22: 不詳Unknown | D22: 4 | E22: 1 | F22: 0 | G22: 0 | H22: 0 | I22: 0 | J22: 3 | K22: 4 | L22: 0 | M22: 0 | N22: 0 | O22: 1 | P22: 1 | Q22: 0 | R22: 0 | S22: 0 | T22: 0 | U22: 2 | V22: 4 | W22: 0 | X22: 0 | Y22: 0 | Z22: 0 | AA22: 0 | AB22: 0 | AC22: 0 | AD22: 0 | AE22: 0 | AF22: 4 | AG22: 24 | AH22: 0 | AI22: 0 | AJ22: 0 | AK22: 1 | AL22: 0 | AM22: 0 | AN22: 1 | AO22: 0 | AP22: 0 | AQ22: 22
A23: 桃園市 | C23: 計 Total | D23: 1148 | E23: 975 | F23: 136 | G23: 6 | H23: 28 | I23: 0 | J23: 3 | K23: 1148 | L23: 17 | M23: 77 | N23: 469 | O23: 172 | P23: 131 | Q23: 153 | R23: 94 | S23: 25 | T23: 9 | U23: 1 | V23: 1148 | W23: 1039 | X23: 43 | Y23: 1 | Z23: 25 | AA23: 0 | AB23: 5 | AC23: 3 | AD23: 10 | AE23: 12 | AF23: 10 | AG23: 1134 | AH23: 1 | AI23: 21 | AJ23: 200 | AK23: 139 | AL23: 93 | AM23: 109 | AN23: 108 | AO23: 70 | AP23: 31 | AQ23: 362
C24: 男 Male | D24: 170 | E24: 145 | F24: 23 | G24: 0 | H24: 2 | I24: 0 | J24: 0 | K24: 170 | L24: 3 | M24: 19 | N24: 89 | O24: 23 | P24: 12 | Q24: 13 | R24: 8 | S24: 1 | T24: 1 | U24: 1 | V24: 170 | W24: 149 | X24: 6 | Y24: 0 | Z24: 3 | AA24: 0 | AB24: 1 | AC24: 0 | AD24: 2 | AE24: 7 | AF24: 2 | AG24: 1005 | AH24: 1 | AI24: 15 | AJ24: 148 | AK24: 135 | AL24: 91 | AM24: 106 | AN24: 103 | AO24: 70 | AP24: 30 | AQ24: 306
A25: Taoyuan City | C25: 女 Female | D25: 977 | E25: 829 | F25: 113 | G25: 6 | H25: 26 | I25: 0 | J25: 3 | K25: 977 | L25: 14 | M25: 58 | N25: 379 | O25: 149 | P25: 119 | Q25: 140 | R25: 86 | S25: 24 | T25: 8 | U25: 0 | V25: 977 | W25: 889 | X25: 37 | Y25: 1 | Z25: 22 | AA25: 0 | AB25: 4 | AC25: 3 | AD25: 8 | AE25: 5 | AF25: 8 | AG25: 88 | AH25: 0 | AI25: 6 | AJ25: 52 | AK25: 4 | AL25: 2 | AM25: 3 | AN25: 5 | AO25: 0 | AP25: 1 | AQ25: 15
C26: 其他 Other | D26: 0 | E26: 0 | F26: 0 | G26: 0 | H26: 0 | I26: 0 | J26: 0 | K26: 0 | L26: 0 | M26: 0 | N26: 0 | O26: 0 | P26: 0 | Q26: 0 | R26: 0 | S26: 0 | T26: 0 | U26: 0 | V26: 0 | W26: 0 | X26: 0 | Y26: 0 | Z26: 0 | AA26: 0 | AB26: 0 | AC26: 0 | AD26: 0 | AE26: 0 | AF26: 0 | AG26: 0 | AH26: 0 | AI26: 0 | AJ26: 0 | AK26: 0 | AL26: 0 | AM26: 0 | AN26: 0 | AO26: 0 | AP26: 0 | AQ26: 0
C27: 不詳Unknown | D27: 1 | E27: 1 | F27: 0 | G27: 0 | H27: 0 | I27: 0 | J27: 0 | K27: 1 | L27: 0 | M27: 0 | N27: 1 | O27: 0 | P27: 0 | Q27: 0 | R27: 0 | S27: 0 | T27: 0 | U27: 0 | V27: 1 | W27: 1 | X27: 0 | Y27: 0 | Z27: 0 | AA27: 0 | AB27: 0 | AC27: 0 | AD27: 0 | AE27: 0 | AF27: 0 | AG27: 41 | AH27: 0 | AI27: 0 | AJ27: 0 | AK27: 0 | AL27: 0 | AM27: 0 | AN27: 0 | AO27: 0 | AP27: 0 | AQ27: 41
A28: 臺中市 | C28: 計 Total | D28: 1305 | E28: 1180 | F28: 53 | G28: 5 | H28: 18 | I28: 0 | J28: 49 | K28: 1305 | L28: 32 | M28: 72 | N28: 435 | O28: 238 | P28: 160 | Q28: 193 | R28: 117 | S28: 45 | T28: 7 | U28: 6 | V28: 1305 | W28: 1155 | X28: 44 | Y28: 1 | Z28: 54 | AA28: 2 | AB28: 2 | AC28: 8 | AD28: 14 | AE28: 14 | AF28: 11 | AG28: 1207 | AH28: 3 | AI28: 24 | AJ28: 216 | AK28: 137 | AL28: 95 | AM28: 138 | AN28: 121 | AO28: 74 | AP28: 37 | AQ28: 362
C29: 男 Male | D29: 192 | E29: 167 | F29: 11 | G29: 1 | H29: 1 | I29: 0 | J29: 12 | K29: 192 | L29: 6 | M29: 22 | N29: 102 | O29: 17 | P29: 19 | Q29: 19 | R29: 5 | S29: 2 | T29: 0 | U29: 0 | V29: 192 | W29: 176 | X29: 6 | Y29: 0 | Z29: 3 | AA29: 0 | AB29: 0 | AC29: 1 | AD29: 3 | AE29: 3 | AF29: 0 | AG29: 1065 | AH29: 2 | AI29: 19 | AJ29: 165 | AK29: 132 | AL29: 92 | AM29: 133 | AN29: 117 | AO29: 72 | AP29: 35 | AQ29: 298
A30: Taichung City | C30: 女 Female | D30: 1105 | E30: 1011 | F30: 41 | G30: 4 | H30: 17 | I30: 0 | J30: 32 | K30: 1105 | L30: 26 | M30: 50 | N30: 327 | O30: 221 | P30: 141 | Q30: 174 | R30: 112 | S30: 43 | T30: 7 | U30: 4 | V30: 1105 | W30: 974 | X30: 38 | Y30: 1 | Z30: 51 | AA30: 2 | AB30: 2 | AC30: 7 | AD30: 11 | AE30: 10 | AF30: 9 | AG30: 83 | AH30: 1 | AI30: 5 | AJ30: 46 | AK30: 5 | AL30: 2 | AM30: 4 | AN30: 4 | AO30: 2 | AP30: 2 | AQ30: 12
C31: 其他 Other | D31: 0 | E31: 0 | F31: 0 | G31: 0 | H31: 0 | I31: 0 | J31: 0 | K31: 0 | L31: 0 | M31: 0 | N31: 0 | O31: 0 | P31: 0 | Q31: 0 | R31: 0 | S31: 0 | T31: 0 | U31: 0 | V31: 0 | W31: 0 | X31: 0 | Y31: 0 | Z31: 0 | AA31: 0 | AB31: 0 | AC31: 0 | AD31: 0 | AE31: 0 | AF31: 0 | AG31: 0 | AH31: 0 | AI31: 0 | AJ31: 0 | AK31: 0 | AL31: 0 | AM31: 0 | AN31: 0 | AO31: 0 | AP31: 0 | AQ31: 0
C32: 不詳Unknown | D32: 8 | E32: 2 | F32: 1 | G32: 0 | H32: 0 | I32: 0 | J32: 5 | K32: 8 | L32: 0 | M32: 0 | N32: 6 | O32: 0 | P32: 0 | Q32: 0 | R32: 0 | S32: 0 | T32: 0 | U32: 2 | V32: 8 | W32: 5 | X32: 0 | Y32: 0 | Z32: 0 | AA32: 0 | AB32: 0 | AC32: 0 | AD32: 0 | AE32: 1 | AF32: 2 | AG32: 59 | AH32: 0 | AI32: 0 | AJ32: 5 | AK32: 0 | AL32: 1 | AM32: 1 | AN32: 0 | AO32: 0 | AP32: 0 | AQ32: 52
A33: 臺南市 | C33: 計 Total | D33: 736 | E33: 703 | F33: 18 | G33: 2 | H33: 12 | I33: 0 | J33: 1 | K33: 736 | L33: 22 | M33: 72 | N33: 245 | O33: 100 | P33: 89 | Q33: 94 | R33: 62 | S33: 40 | T33: 10 | U33: 2 | V33: 736 | W33: 659 | X33: 21 | Y33: 2 | Z33: 26 | AA33: 0 | AB33: 0 | AC33: 7 | AD33: 5 | AE33: 14 | AF33: 2 | AG33: 707 | AH33: 4 | AI33: 20 | AJ33: 129 | AK33: 90 | AL33: 59 | AM33: 83 | AN33: 92 | AO33: 68 | AP33: 31 | AQ33: 131
C34: 男 Male | D34: 121 | E34: 117 | F34: 2 | G34: 0 | H34: 2 | I34: 0 | J34: 0 | K34: 121 | L34: 5 | M34: 23 | N34: 55 | O34: 8 | P34: 10 | Q34: 13 | R34: 5 | S34: 2 | T34: 0 | U34: 0 | V34: 121 | W34: 108 | X34: 3 | Y34: 0 | Z34: 5 | AA34: 0 | AB34: 0 | AC34: 1 | AD34: 1 | AE34: 3 | AF34: 0 | AG34: 641 | AH34: 4 | AI34: 13 | AJ34: 100 | AK34: 87 | AL34: 53 | AM34: 79 | AN34: 90 | AO34: 66 | AP34: 30 | AQ34: 119
A35: Tainan City | C35: 女 Female | D35: 615 | E35: 586 | F35: 16 | G35: 2 | H35: 10 | I35: 0 | J35: 1 | K35: 615 | L35: 17 | M35: 49 | N35: 190 | O35: 92 | P35: 79 | Q35: 81 | R35: 57 | S35: 38 | T35: 10 | U35: 2 | V35: 615 | W35: 551 | X35: 18 | Y35: 2 | Z35: 21 | AA35: 0 | AB35: 0 | AC35: 6 | AD35: 4 | AE35: 11 | AF35: 2 | AG35: 56 | AH35: 0 | AI35: 7 | AJ35: 29 | AK35: 3 | AL35: 6 | AM35: 4 | AN35: 2 | AO35: 1 | AP35: 1 | AQ35: 3
C36: 其他 Other | D36: 0 | E36: 0 | F36: 0 | G36: 0 | H36: 0 | I36: 0 | J36: 0 | K36: 0 | L36: 0 | M36: 0 | N36: 0 | O36: 0 | P36: 0 | Q36: 0 | R36: 0 | S36: 0 | T36: 0 | U36: 0 | V36: 0 | W36: 0 | X36: 0 | Y36: 0 | Z36: 0 | AA36: 0 | AB36: 0 | AC36: 0 | AD36: 0 | AE36: 0 | AF36: 0 | AG36: 0 | AH36: 0 | AI36: 0 | AJ36: 0 | AK36: 0 | AL36: 0 | AM36: 0 | AN36: 0 | AO36: 0 | AP36: 0 | AQ36: 0
C37: 不詳Unknown | D37: 0 | E37: 0 | F37: 0 | G37: 0 | H37: 0 | I37: 0 | J37: 0 | K37: 0 | L37: 0 | M37: 0 | N37: 0 | O37: 0 | P37: 0 | Q37: 0 | R37: 0 | S37: 0 | T37: 0 | U37: 0 | V37: 0 | W37: 0 | X37: 0 | Y37: 0 | Z37: 0 | AA37: 0 | AB37: 0 | AC37: 0 | AD37: 0 | AE37: 0 | AF37: 0 | AG37: 10 | AH37: 0 | AI37: 0 | AJ37: 0 | AK37: 0 | AL37: 0 | AM37: 0 | AN37: 0 | AO37: 1 | AP37: 0 | AQ37: 9
A38: 高雄市 | C38: 計 Total | D38: 991 | E38: 910 | F38: 57 | G38: 4 | H38: 19 | I38: 0 | J38: 1 | K38: 991 | L38: 20 | M38: 70 | N38: 390 | O38: 157 | P38: 104 | Q38: 128 | R38: 72 | S38: 40 | T38: 9 | U38: 1 | V38: 991 | W38: 869 | X38: 38 | Y38: 2 | Z38: 35 | AA38: 3 | AB38: 3 | AC38: 7 | AD38: 11 | AE38: 17 | AF38: 6 | AG38: 895 | AH38: 2 | AI38: 14 | AJ38: 184 | AK38: 99 | AL38: 53 | AM38: 105 | AN38: 93 | AO38: 87 | AP38: 35 | AQ38: 223
C39: 男 Male | D39: 168 | E39: 160 | F39: 8 | G39: 0 | H39: 0 | I39: 0 | J39: 0 | K39: 168 | L39: 6 | M39: 18 | N39: 97 | O39: 16 | P39: 13 | Q39: 13 | R39: 2 | S39: 3 | T39: 0 | U39: 0 | V39: 168 | W39: 147 | X39: 7 | Y39: 1 | Z39: 2 | AA39: 1 | AB39: 0 | AC39: 2 | AD39: 3 | AE39: 5 | AF39: 0 | AG39: 770 | AH39: 2 | AI39: 12 | AJ39: 118 | AK39: 96 | AL39: 53 | AM39: 101 | AN39: 91 | AO39: 83 | AP39: 32 | AQ39: 182
A40: Kaohsiung City | C40: 女 Female | D40: 823 | E40: 750 | F40: 49 | G40: 4 | H40: 19 | I40: 0 | J40: 1 | K40: 823 | L40: 14 | M40: 52 | N40: 293 | O40: 141 | P40: 91 | Q40: 115 | R40: 70 | S40: 37 | T40: 9 | U40: 1 | V40: 823 | W40: 722 | X40: 31 | Y40: 1 | Z40: 33 | AA40: 2 | AB40: 3 | AC40: 5 | AD40: 8 | AE40: 12 | AF40: 6 | AG40: 87 | AH40: 0 | AI40: 2 | AJ40: 66 | AK40: 3 | AL40: 0 | AM40: 4 | AN40: 2 | AO40: 4 | AP40: 2 | AQ40: 4
C41: 其他 Other | D41: 0 | E41: 0 | F41: 0 | G41: 0 | H41: 0 | I41: 0 | J41: 0 | K41: 0 | L41: 0 | M41: 0 | N41: 0 | O41: 0 | P41: 0 | Q41: 0 | R41: 0 | S41: 0 | T41: 0 | U41: 0 | V41: 0 | W41: 0 | X41: 0 | Y41: 0 | Z41: 0 | AA41: 0 | AB41: 0 | AC41: 0 | AD41: 0 | AE41: 0 | AF41: 0 | AG41: 0 | AH41: 0 | AI41: 0 | AJ41: 0 | AK41: 0 | AL41: 0 | AM41: 0 | AN41: 0 | AO41: 0 | AP41: 0 | AQ41: 0
C42: 不詳Unknown | D42: 0 | E42: 0 | F42: 0 | G42: 0 | H42: 0 | I42: 0 | J42: 0 | K42: 0 | L42: 0 | M42: 0 | N42: 0 | O42: 0 | P42: 0 | Q42: 0 | R42: 0 | S42: 0 | T42: 0 | U42: 0 | V42: 0 | W42: 0 | X42: 0 | Y42: 0 | Z42: 0 | AA42: 0 | AB42: 0 | AC42: 0 | AD42: 0 | AE42: 0 | AF42: 0 | AG42: 38 | AH42: 0 | AI42: 0 | AJ42: 0 | AK42: 0 | AL42: 0 | AM42: 0 | AN42: 0 | AO42: 0 | AP42: 1 | AQ42: 37
B43: 宜蘭縣 | C43: 計 Total | D43: 158 | E43: 135 | F43: 17 | G43: 0 | H43: 1 | I43: 0 | J43: 5 | K43: 158 | L43: 2 | M43: 22 | N43: 80 | O43: 14 | P43: 8 | Q43: 12 | R43: 8 | S43: 7 | T43: 3 | U43: 2 | V43: 158 | W43: 139 | X43: 5 | Y43: 0 | Z43: 5 | AA43: 0 | AB43: 0 | AC43: 1 | AD43: 2 | AE43: 4 | AF43: 2 | AG43: 149 | AH43: 0 | AI43: 4 | AJ43: 39 | AK43: 20 | AL43: 10 | AM43: 11 | AN43: 12 | AO43: 7 | AP43: 7 | AQ43: 39
C44: 男 Male | D44: 39 | E44: 31 | F44: 7 | G44: 0 | H44: 1 | I44: 0 | J44: 0 | K44: 39 | L44: 0 | M44: 11 | N44: 20 | O44: 1 | P44: 2 | Q44: 2 | R44: 1 | S44: 2 | T44: 0 | U44: 0 | V44: 39 | W44: 36 | X44: 1 | Y44: 0 | Z44: 1 | AA44: 0 | AB44: 0 | AC44: 0 | AD44: 0 | AE44: 1 | AF44: 0 | AG44: 128 | AH44: 0 | AI44: 3 | AJ44: 26 | AK44: 20 | AL44: 10 | AM44: 10 | AN44: 11 | AO44: 7 | AP44: 7 | AQ44: 34
B45: Yilan County | C45: 女 Female | D45: 118 | E45: 104 | F45: 10 | G45: 0 | H45: 0 | I45: 0 | J45: 4 | K45: 118 | L45: 2 | M45: 11 | N45: 59 | O45: 13 | P45: 6 | Q45: 10 | R45: 7 | S45: 5 | T45: 3 | U45: 2 | V45: 118 | W45: 102 | X45: 4 | Y45: 0 | Z45: 4 | AA45: 0 | AB45: 0 | AC45: 1 | AD45: 2 | AE45: 3 | AF45: 2 | AG45: 18 | AH45: 0 | AI45: 1 | AJ45: 11 | AK45: 0 | AL45: 0 | AM45: 1 | AN45: 1 | AO45: 0 | AP45: 0 | AQ45: 4
C46: 其他 Other | D46: 0 | E46: 0 | F46: 0 | G46: 0 | H46: 0 | I46: 0 | J46: 0 | K46: 0 | L46: 0 | M46: 0 | N46: 0 | O46: 0 | P46: 0 | Q46: 0 | R46: 0 | S46: 0 | T46: 0 | U46: 0 | V46: 0 | W46: 0 | X46: 0 | Y46: 0 | Z46: 0 | AA46: 0 | AB46: 0 | AC46: 0 | AD46: 0 | AE46: 0 | AF46: 0 | AG46: 0 | AH46: 0 | AI46: 0 | AJ46: 0 | AK46: 0 | AL46: 0 | AM46: 0 | AN46: 0 | AO46: 0 | AP46: 0 | AQ46: 0
C47: 不詳Unknown | D47: 1 | E47: 0 | F47: 0 | G47: 0 | H47: 0 | I47: 0 | J47: 1 | K47: 1 | L47: 0 | M47: 0 | N47: 1 | O47: 0 | P47: 0 | Q47: 0 | R47: 0 | S47: 0 | T47: 0 | U47: 0 | V47: 1 | W47: 1 | X47: 0 | Y47: 0 | Z47: 0 | AA47: 0 | AB47: 0 | AC47: 0 | AD47: 0 | AE47: 0 | AF47: 0 | AG47: 3 | AH47: 0 | AI47: 0 | AJ47: 2 | AK47: 0 | AL47: 0 | AM47: 0 | AN47: 0 | AO47: 0 | AP47: 0 | AQ47: 1
B48: 新竹縣 | C48: 計 Total | D48: 226 | E48: 183 | F48: 31 | G48: 1 | H48: 4 | I48: 0 | J48: 7 | K48: 226 | L48: 11 | M48: 17 | N48: 104 | O48: 28 | P48: 25 | Q48: 23 | R48: 13 | S48: 5 | T48: 0 | U48: 0 | V48: 226 | W48: 202 | X48: 8 | Y48: 0 | Z48: 8 | AA48: 0 | AB48: 0 | AC48: 0 | AD48: 2 | AE48: 3 | AF48: 3 | AG48: 180 | AH48: 0 | AI48: 3 | AJ48: 42 | AK48: 31 | AL48: 10 | AM48: 14 | AN48: 18 | AO48: 11 | AP48: 0 | AQ48: 51
C49: 男 Male | D49: 44 | E49: 37 | F49: 7 | G49: 0 | H49: 0 | I49: 0 | J49: 0 | K49: 44 | L49: 1 | M49: 7 | N49: 26 | O49: 5 | P49: 2 | Q49: 3 | R49: 0 | S49: 0 | T49: 0 | U49: 0 | V49: 44 | W49: 40 | X49: 2 | Y49: 0 | Z49: 2 | AA49: 0 | AB49: 0 | AC49: 0 | AD49: 0 | AE49: 0 | AF49: 0 | AG49: 153 | AH49: 0 | AI49: 3 | AJ49: 32 | AK49: 29 | AL49: 10 | AM49: 11 | AN49: 18 | AO49: 11 | AP49: 0 | AQ49: 39
B50: Hsinchu County | C50: 女 Female | D50: 180 | E50: 145 | F50: 23 | G50: 1 | H50: 4 | I50: 0 | J50: 7 | K50: 180 | L50: 10 | M50: 9 | N50: 77 | O50: 23 | P50: 23 | Q50: 20 | R50: 13 | S50: 5 | T50: 0 | U50: 0 | V50: 180 | W50: 160 | X50: 6 | Y50: 0 | Z50: 6 | AA50: 0 | AB50: 0 | AC50: 0 | AD50: 2 | AE50: 3 | AF50: 3 | AG50: 21 | AH50: 0 | AI50: 0 | AJ50: 10 | AK50: 2 | AL50: 0 | AM50: 3 | AN50: 0 | AO50: 0 | AP50: 0 | AQ50: 6
C51: 其他 Other | D51: 0 | E51: 0 | F51: 0 | G51: 0 | H51: 0 | I51: 0 | J51: 0 | K51: 0 | L51: 0 | M51: 0 | N51: 0 | O51: 0 | P51: 0 | Q51: 0 | R51: 0 | S51: 0 | T51: 0 | U51: 0 | V51: 0 | W51: 0 | X51: 0 | Y51: 0 | Z51: 0 | AA51: 0 | AB51: 0 | AC51: 0 | AD51: 0 | AE51: 0 | AF51: 0 | AG51: 0 | AH51: 0 | AI51: 0 | AJ51: 0 | AK51: 0 | AL51: 0 | AM51: 0 | AN51: 0 | AO51: 0 | AP51: 0 | AQ51: 0
C52: 不詳Unknown | D52: 2 | E52: 1 | F52: 1 | G52: 0 | H52: 0 | I52: 0 | J52: 0 | K52: 2 | L52: 0 | M52: 1 | N52: 1 | O52: 0 | P52: 0 | Q52: 0 | R52: 0 | S52: 0 | T52: 0 | U52: 0 | V52: 2 | W52: 2 | X52: 0 | Y52: 0 | Z52: 0 | AA52: 0 | AB52: 0 | AC52: 0 | AD52: 0 | AE52: 0 | AF52: 0 | AG52: 6 | AH52: 0 | AI52: 0 | AJ52: 0 | AK52: 0 | AL52: 0 | AM52: 0 | AN52: 0 | AO52: 0 | AP52: 0 | AQ52: 6
B53: 苗栗縣 | C53: 計 Total | D53: 190 | E53: 165 | F53: 21 | G53: 0 | H53: 2 | I53: 0 | J53: 2 | K53: 190 | L53: 1 | M53: 19 | N53: 100 | O53: 18 | P53: 16 | Q53: 23 | R53: 10 | S53: 2 | T53: 1 | U53: 0 | V53: 190 | W53: 174 | X53: 10 | Y53: 0 | Z53: 3 | AA53: 0 | AB53: 1 | AC53: 0 | AD53: 0 | AE53: 1 | AF53: 1 | AG53: 185 | AH53: 1 | AI53: 6 | AJ53: 40 | AK53: 29 | AL53: 9 | AM53: 24 | AN53: 16 | AO53: 12 | AP53: 11 | AQ53: 37
C54: 男 Male | D54: 37 | E54: 30 | F54: 6 | G54: 0 | H54: 0 | I54: 0 | J54: 1 | K54: 37 | L54: 0 | M54: 7 | N54: 18 | O54: 7 | P54: 2 | Q54: 2 | R54: 1 | S54: 0 | T54: 0 | U54: 0 | V54: 37 | W54: 34 | X54: 2 | Y54: 0 | Z54: 0 | AA54: 0 | AB54: 0 | AC54: 0 | AD54: 0 | AE54: 0 | AF54: 1 | AG54: 165 | AH54: 1 | AI54: 5 | AJ54: 27 | AK54: 27 | AL54: 8 | AM54: 24 | AN54: 16 | AO54: 12 | AP54: 11 | AQ54: 34
B55: Miaoli County | C55: 女 Female | D55: 153 | E55: 135 | F55: 15 | G55: 0 | H55: 2 | I55: 0 | J55: 1 | K55: 153 | L55: 1 | M55: 12 | N55: 82 | O55: 11 | P55: 14 | Q55: 21 | R55: 9 | S55: 2 | T55: 1 | U55: 0 | V55: 153 | W55: 140 | X55: 8 | Y55: 0 | Z55: 3 | AA55: 0 | AB55: 1 | AC55: 0 | AD55: 0 | AE55: 1 | AF55: 0 | AG55: 17 | AH55: 0 | AI55: 1 | AJ55: 13 | AK55: 2 | AL55: 1 | AM55: 0 | AN55: 0 | AO55: 0 | AP55: 0 | AQ55: 0
C56: 其他 Other | D56: 0 | E56: 0 | F56: 0 | G56: 0 | H56: 0 | I56: 0 | J56: 0 | K56: 0 | L56: 0 | M56: 0 | N56: 0 | O56: 0 | P56: 0 | Q56: 0 | R56: 0 | S56: 0 | T56: 0 | U56: 0 | V56: 0 | W56: 0 | X56: 0 | Y56: 0 | Z56: 0 | AA56: 0 | AB56: 0 | AC56: 0 | AD56: 0 | AE56: 0 | AF56: 0 | AG56: 0 | AH56: 0 | AI56: 0 | AJ56: 0 | AK56: 0 | AL56: 0 | AM56: 0 | AN56: 0 | AO56: 0 | AP56: 0 | AQ56: 0
C57: 不詳Unknown | D57: 0 | E57: 0 | F57: 0 | G57: 0 | H57: 0 | I57: 0 | J57: 0 | K57: 0 | L57: 0 | M57: 0 | N57: 0 | O57: 0 | P57: 0 | Q57: 0 | R57: 0 | S57: 0 | T57: 0 | U57: 0 | V57: 0 | W57: 0 | X57: 0 | Y57: 0 | Z57: 0 | AA57: 0 | AB57: 0 | AC57: 0 | AD57: 0 | AE57: 0 | AF57: 0 | AG57: 3 | AH57: 0 | AI57: 0 | AJ57: 0 | AK57: 0 | AL57: 0 | AM57: 0 | AN57: 0 | AO57: 0 | AP57: 0 | AQ57: 3
B58: 彰化縣 | C58: 計 Total | D58: 421 | E58: 377 | F58: 17 | G58: 2 | H58: 8 | I58: 0 | J58: 17 | K58: 421 | L58: 15 | M58: 47 | N58: 218 | O58: 36 | P58: 20 | Q58: 39 | R58: 27 | S58: 14 | T58: 4 | U58: 1 | V58: 421 | W58: 369 | X58: 21 | Y58: 2 | Z58: 15 | AA58: 0 | AB58: 2 | AC58: 2 | AD58: 5 | AE58: 2 | AF58: 3 | AG58: 371 | AH58: 0 | AI58: 8 | AJ58: 98 | AK58: 38 | AL58: 18 | AM58: 33 | AN58: 35 | AO58: 37 | AP58: 8 | AQ58: 96
C59: 男 Male | D59: 94 | E59: 82 | F59: 7 | G59: 0 | H59: 0 | I59: 0 | J59: 5 | K59: 94 | L59: 5 | M59: 13 | N59: 61 | O59: 2 | P59: 3 | Q59: 6 | R59: 3 | S59: 0 | T59: 1 | U59: 0 | V59: 94 | W59: 84 | X59: 3 | Y59: 0 | Z59: 3 | AA59: 0 | AB59: 1 | AC59: 0 | AD59: 2 | AE59: 1 | AF59: 0 | AG59: 298 | AH59: 0 | AI59: 6 | AJ59: 63 | AK59: 35 | AL59: 16 | AM59: 32 | AN59: 34 | AO59: 35 | AP59: 8 | AQ59: 69
B60: Changhua County | C60: 女 Female | D60: 326 | E60: 294 | F60: 10 | G60: 2 | H60: 8 | I60: 0 | J60: 12 | K60: 326 | L60: 10 | M60: 34 | N60: 156 | O60: 34 | P60: 17 | Q60: 33 | R60: 24 | S60: 14 | T60: 3 | U60: 1 | V60: 326 | W60: 284 | X60: 18 | Y60: 2 | Z60: 12 | AA60: 0 | AB60: 1 | AC60: 2 | AD60: 3 | AE60: 1 | AF60: 3 | AG60: 63 | AH60: 0 | AI60: 2 | AJ60: 34 | AK60: 3 | AL60: 2 | AM60: 1 | AN60: 1 | AO60: 2 | AP60: 0 | AQ60: 18
C61: 其他 Other | D61: 0 | E61: 0 | F61: 0 | G61: 0 | H61: 0 | I61: 0 | J61: 0 | K61: 0 | L61: 0 | M61: 0 | N61: 0 | O61: 0 | P61: 0 | Q61: 0 | R61: 0 | S61: 0 | T61: 0 | U61: 0 | V61: 0 | W61: 0 | X61: 0 | Y61: 0 | Z61: 0 | AA61: 0 | AB61: 0 | AC61: 0 | AD61: 0 | AE61: 0 | AF61: 0 | AG61: 0 | AH61: 0 | AI61: 0 | AJ61: 0 | AK61: 0 | AL61: 0 | AM61: 0 | AN61: 0 | AO61: 0 | AP61: 0 | AQ61: 0
C62: 不詳Unknown | D62: 1 | E62: 1 | F62: 0 | G62: 0 | H62: 0 | I62: 0 | J62: 0 | K62: 1 | L62: 0 | M62: 0 | N62: 1 | O62: 0 | P62: 0 | Q62: 0 | R62: 0 | S62: 0 | T62: 0 | U62: 0 | V62: 1 | W62: 1 | X62: 0 | Y62: 0 | Z62: 0 | AA62: 0 | AB62: 0 | AC62: 0 | AD62: 0 | AE62: 0 | AF62: 0 | AG62: 10 | AH62: 0 | AI62: 0 | AJ62: 1 | AK62: 0 | AL62: 0 | AM62: 0 | AN62: 0 | AO62: 0 | AP62: 0 | AQ62: 9
B63: 南投縣 | C63: 計 Total | D63: 186 | E63: 144 | F63: 37 | G63: 1 | H63: 2 | I63: 0 | J63: 2 | K63: 186 | L63: 8 | M63: 21 | N63: 86 | O63: 19 | P63: 9 | Q63: 14 | R63: 18 | S63: 6 | T63: 4 | U63: 1 | V63: 186 | W63: 157 | X63: 10 | Y63: 0 | Z63: 11 | AA63: 0 | AB63: 0 | AC63: 1 | AD63: 4 | AE63: 2 | AF63: 1 | AG63: 184 | AH63: 0 | AI63: 3 | AJ63: 57 | AK63: 25 | AL63: 10 | AM63: 14 | AN63: 15 | AO63: 11 | AP63: 8 | AQ63: 41
C64: 男 Male | D64: 40 | E64: 31 | F64: 9 | G64: 0 | H64: 0 | I64: 0 | J64: 0 | K64: 40 | L64: 3 | M64: 7 | N64: 21 | O64: 4 | P64: 1 | Q64: 1 | R64: 3 | S64: 0 | T64: 0 | U64: 0 | V64: 40 | W64: 35 | X64: 3 | Y64: 0 | Z64: 1 | AA64: 0 | AB64: 0 | AC64: 0 | AD64: 1 | AE64: 0 | AF64: 0 | AG64: 156 | AH64: 0 | AI64: 3 | AJ64: 38 | AK64: 25 | AL64: 8 | AM64: 14 | AN64: 15 | AO64: 10 | AP64: 8 | AQ64: 35
B65: Nantou County | C65: 女 Female | D65: 145 | E65: 112 | F65: 28 | G65: 1 | H65: 2 | I65: 0 | J65: 2 | K65: 145 | L65: 5 | M65: 14 | N65: 64 | O65: 15 | P65: 8 | Q65: 13 | R65: 15 | S65: 6 | T65: 4 | U65: 1 | V65: 145 | W65: 121 | X65: 7 | Y65: 0 | Z65: 10 | AA65: 0 | AB65: 0 | AC65: 1 | AD65: 3 | AE65: 2 | AF65: 1 | AG65: 24 | AH65: 0 | AI65: 0 | AJ65: 19 | AK65: 0 | AL65: 2 | AM65: 0 | AN65: 0 | AO65: 1 | AP65: 0 | AQ65: 2
C66: 其他 Other | D66: 0 | E66: 0 | F66: 0 | G66: 0 | H66: 0 | I66: 0 | J66: 0 | K66: 0 | L66: 0 | M66: 0 | N66: 0 | O66: 0 | P66: 0 | Q66: 0 | R66: 0 | S66: 0 | T66: 0 | U66: 0 | V66: 0 | W66: 0 | X66: 0 | Y66: 0 | Z66: 0 | AA66: 0 | AB66: 0 | AC66: 0 | AD66: 0 | AE66: 0 | AF66: 0 | AG66: 0 | AH66: 0 | AI66: 0 | AJ66: 0 | AK66: 0 | AL66: 0 | AM66: 0 | AN66: 0 | AO66: 0 | AP66: 0 | AQ66: 0
C67: 不詳Unknown | D67: 1 | E67: 1 | F67: 0 | G67: 0 | H67: 0 | I67: 0 | J67: 0 | K67: 1 | L67: 0 | M67: 0 | N67: 1 | O67: 0 | P67: 0 | Q67: 0 | R67: 0 | S67: 0 | T67: 0 | U67: 0 | V67: 1 | W67: 1 | X67: 0 | Y67: 0 | Z67: 0 | AA67: 0 | AB67: 0 | AC67: 0 | AD67: 0 | AE67: 0 | AF67: 0 | AG67: 4 | AH67: 0 | AI67: 0 | AJ67: 0 | AK67: 0 | AL67: 0 | AM67: 0 | AN67: 0 | AO67: 0 | AP67: 0 | AQ67: 4
B68: 雲林縣 | C68: 計 Total | D68: 182 | E68: 175 | F68: 4 | G68: 1 | H68: 2 | I68: 0 | J68: 0 | K68: 182 | L68: 6 | M68: 10 | N68: 92 | O68: 23 | P68: 14 | Q68: 18 | R68: 14 | S68: 2 | T68: 2 | U68: 1 | V68: 182 | W68: 161 | X68: 9 | Y68: 0 | Z68: 5 | AA68: 0 | AB68: 0 | AC68: 0 | AD68: 3 | AE68: 3 | AF68: 1 | AG68: 173 | AH68: 0 | AI68: 2 | AJ68: 34 | AK68: 29 | AL68: 13 | AM68: 25 | AN68: 21 | AO68: 8 | AP68: 4 | AQ68: 37
C69: 男 Male | D69: 24 | E69: 24 | F69: 0 | G69: 0 | H69: 0 | I69: 0 | J69: 0 | K69: 24 | L69: 1 | M69: 2 | N69: 17 | O69: 2 | P69: 0 | Q69: 1 | R69: 0 | S69: 0 | T69: 0 | U69: 1 | V69: 24 | W69: 18 | X69: 3 | Y69: 0 | Z69: 0 | AA69: 0 | AB69: 0 | AC69: 0 | AD69: 0 | AE69: 2 | AF69: 1 | AG69: 157 | AH69: 0 | AI69: 2 | AJ69: 25 | AK69: 28 | AL69: 13 | AM69: 25 | AN69: 21 | AO69: 8 | AP69: 4 | AQ69: 31
B70: Yunlin County | C70: 女 Female | D70: 158 | E70: 151 | F70: 4 | G70: 1 | H70: 2 | I70: 0 | J70: 0 | K70: 158 | L70: 5 | M70: 8 | N70: 75 | O70: 21 | P70: 14 | Q70: 17 | R70: 14 | S70: 2 | T70: 2 | U70: 0 | V70: 158 | W70: 143 | X70: 6 | Y70: 0 | Z70: 5 | AA70: 0 | AB70: 0 | AC70: 0 | AD70: 3 | AE70: 1 | AF70: 0 | AG70: 11 | AH70: 0 | AI70: 0 | AJ70: 9 | AK70: 1 | AL70: 0 | AM70: 0 | AN70: 0 | AO70: 0 | AP70: 0 | AQ70: 1
C71: 其他 Other | D71: 0 | E71: 0 | F71: 0 | G71: 0 | H71: 0 | I71: 0 | J71: 0 | K71: 0 | L71: 0 | M71: 0 | N71: 0 | O71: 0 | P71: 0 | Q71: 0 | R71: 0 | S71: 0 | T71: 0 | U71: 0 | V71: 0 | W71: 0 | X71: 0 | Y71: 0 | Z71: 0 | AA71: 0 | AB71: 0 | AC71: 0 | AD71: 0 | AE71: 0 | AF71: 0 | AG71: 0 | AH71: 0 | AI71: 0 | AJ71: 0 | AK71: 0 | AL71: 0 | AM71: 0 | AN71: 0 | AO71: 0 | AP71: 0 | AQ71: 0
C72: 不詳Unknown | D72: 0 | E72: 0 | F72: 0 | G72: 0 | H72: 0 | I72: 0 | J72: 0 | K72: 0 | L72: 0 | M72: 0 | N72: 0 | O72: 0 | P72: 0 | Q72: 0 | R72: 0 | S72: 0 | T72: 0 | U72: 0 | V72: 0 | W72: 0 | X72: 0 | Y72: 0 | Z72: 0 | AA72: 0 | AB72: 0 | AC72: 0 | AD72: 0 | AE72: 0 | AF72: 0 | AG72: 5 | AH72: 0 | AI72: 0 | AJ72: 0 | AK72: 0 | AL72: 0 | AM72: 0 | AN72: 0 | AO72: 0 | AP72: 0 | AQ72: 5
B73: 嘉義縣 | C73: 計 Total | D73: 131 | E73: 117 | F73: 10 | G73: 0 | H73: 3 | I73: 0 | J73: 1 | K73: 131 | L73: 2 | M73: 9 | N73: 56 | O73: 24 | P73: 14 | Q73: 12 | R73: 6 | S73: 6 | T73: 2 | U73: 0 | V73: 131 | W73: 116 | X73: 7 | Y73: 0 | Z73: 3 | AA73: 0 | AB73: 0 | AC73: 0 | AD73: 3 | AE73: 1 | AF73: 1 | AG73: 121 | AH73: 0 | AI73: 3 | AJ73: 22 | AK73: 20 | AL73: 17 | AM73: 15 | AN73: 15 | AO73: 9 | AP73: 5 | AQ73: 15
C74: 男 Male | D74: 26 | E74: 21 | F74: 5 | G74: 0 | H74: 0 | I74: 0 | J74: 0 | K74: 26 | L74: 0 | M74: 2 | N74: 17 | O74: 2 | P74: 0 | Q74: 3 | R74: 1 | S74: 1 | T74: 0 | U74: 0 | V74: 26 | W74: 26 | X74: 0 | Y74: 0 | Z74: 0 | AA74: 0 | AB74: 0 | AC74: 0 | AD74: 0 | AE74: 0 | AF74: 0 | AG74: 109 | AH74: 0 | AI74: 3 | AJ74: 14 | AK74: 19 | AL74: 17 | AM74: 14 | AN74: 14 | AO74: 9 | AP74: 5 | AQ74: 14
B75: Chiayi County | C75: 女 Female | D75: 105 | E75: 96 | F75: 5 | G75: 0 | H75: 3 | I75: 0 | J75: 1 | K75: 105 | L75: 2 | M75: 7 | N75: 39 | O75: 22 | P75: 14 | Q75: 9 | R75: 5 | S75: 5 | T75: 2 | U75: 0 | V75: 105 | W75: 90 | X75: 7 | Y75: 0 | Z75: 3 | AA75: 0 | AB75: 0 | AC75: 0 | AD75: 3 | AE75: 1 | AF75: 1 | AG75: 11 | AH75: 0 | AI75: 0 | AJ75: 8 | AK75: 1 | AL75: 0 | AM75: 1 | AN75: 0 | AO75: 0 | AP75: 0 | AQ75: 1
C76: 其他 Other | D76: 0 | E76: 0 | F76: 0 | G76: 0 | H76: 0 | I76: 0 | J76: 0 | K76: 0 | L76: 0 | M76: 0 | N76: 0 | O76: 0 | P76: 0 | Q76: 0 | R76: 0 | S76: 0 | T76: 0 | U76: 0 | V76: 0 | W76: 0 | X76: 0 | Y76: 0 | Z76: 0 | AA76: 0 | AB76: 0 | AC76: 0 | AD76: 0 | AE76: 0 | AF76: 0 | AG76: 0 | AH76: 0 | AI76: 0 | AJ76: 0 | AK76: 0 | AL76: 0 | AM76: 0 | AN76: 0 | AO76: 0 | AP76: 0 | AQ76: 0
C77: 不詳Unknown | D77: 0 | E77: 0 | F77: 0 | G77: 0 | H77: 0 | I77: 0 | J77: 0 | K77: 0 | L77: 0 | M77: 0 | N77: 0 | O77: 0 | P77: 0 | Q77: 0 | R77: 0 | S77: 0 | T77: 0 | U77: 0 | V77: 0 | W77: 0 | X77: 0 | Y77: 0 | Z77: 0 | AA77: 0 | AB77: 0 | AC77: 0 | AD77: 0 | AE77: 0 | AF77: 0 | AG77: 1 | AH77: 0 | AI77: 0 | AJ77: 0 | AK77: 0 | AL77: 0 | AM77: 0 | AN77: 1 | AO77: 0 | AP77: 0 | AQ77: 0
B78: 屏東縣 | C78: 計 Total | D78: 271 | E78: 217 | F78: 47 | G78: 0 | H78: 4 | I78: 0 | J78: 3 | K78: 271 | L78: 7 | M78: 35 | N78: 115 | O78: 39 | P78: 26 | Q78: 25 | R78: 11 | S78: 8 | T78: 4 | U78: 1 | V78: 271 | W78: 241 | X78: 13 | Y78: 1 | Z78: 7 | AA78: 0 | AB78: 1 | AC78: 0 | AD78: 3 | AE78: 0 | AF78: 5 | AG78: 227 | AH78: 0 | AI78: 2 | AJ78: 41 | AK78: 35 | AL78: 25 | AM78: 30 | AN78: 23 | AO78: 16 | AP78: 11 | AQ78: 44
C79: 男 Male | D79: 42 | E79: 36 | F79: 6 | G79: 0 | H79: 0 | I79: 0 | J79: 0 | K79: 42 | L79: 2 | M79: 13 | N79: 16 | O79: 4 | P79: 1 | Q79: 2 | R79: 1 | S79: 2 | T79: 1 | U79: 0 | V79: 42 | W79: 38 | X79: 1 | Y79: 1 | Z79: 1 | AA79: 0 | AB79: 0 | AC79: 0 | AD79: 1 | AE79: 0 | AF79: 0 | AG79: 208 | AH79: 0 | AI79: 2 | AJ79: 31 | AK79: 34 | AL79: 23 | AM79: 30 | AN79: 23 | AO79: 15 | AP79: 10 | AQ79: 40
B80: Pingtung County | C80: 女 Female | D80: 228 | E80: 180 | F80: 41 | G80: 0 | H80: 4 | I80: 0 | J80: 3 | K80: 228 | L80: 5 | M80: 22 | N80: 98 | O80: 35 | P80: 25 | Q80: 23 | R80: 10 | S80: 6 | T80: 3 | U80: 1 | V80: 228 | W80: 202 | X80: 12 | Y80: 0 | Z80: 6 | AA80: 0 | AB80: 1 | AC80: 0 | AD80: 2 | AE80: 0 | AF80: 5 | AG80: 16 | AH80: 0 | AI80: 0 | AJ80: 10 | AK80: 1 | AL80: 2 | AM80: 0 | AN80: 0 | AO80: 1 | AP80: 1 | AQ80: 1
C81: 其他 Other | D81: 0 | E81: 0 | F81: 0 | G81: 0 | H81: 0 | I81: 0 | J81: 0 | K81: 0 | L81: 0 | M81: 0 | N81: 0 | O81: 0 | P81: 0 | Q81: 0 | R81: 0 | S81: 0 | T81: 0 | U81: 0 | V81: 0 | W81: 0 | X81: 0 | Y81: 0 | Z81: 0 | AA81: 0 | AB81: 0 | AC81: 0 | AD81: 0 | AE81: 0 | AF81: 0 | AG81: 0 | AH81: 0 | AI81: 0 | AJ81: 0 | AK81: 0 | AL81: 0 | AM81: 0 | AN81: 0 | AO81: 0 | AP81: 0 | AQ81: 0
C82: 不詳Unknown | D82: 1 | E82: 1 | F82: 0 | G82: 0 | H82: 0 | I82: 0 | J82: 0 | K82: 1 | L82: 0 | M82: 0 | N82: 1 | O82: 0 | P82: 0 | Q82: 0 | R82: 0 | S82: 0 | T82: 0 | U82: 0 | V82: 1 | W82: 1 | X82: 0 | Y82: 0 | Z82: 0 | AA82: 0 | AB82: 0 | AC82: 0 | AD82: 0 | AE82: 0 | AF82: 0 | AG82: 3 | AH82: 0 | AI82: 0 | AJ82: 0 | AK82: 0 | AL82: 0 | AM82: 0 | AN82: 0 | AO82: 0 | AP82: 0 | AQ82: 3
B83: 臺東縣 | C83: 計 Total | D83: 125 | E83: 51 | F83: 71 | G83: 2 | H83: 1 | I83: 0 | J83: 0 | K83: 125 | L83: 4 | M83: 17 | N83: 61 | O83: 18 | P83: 9 | Q83: 8 | R83: 4 | S83: 4 | T83: 0 | U83: 0 | V83: 125 | W83: 114 | X83: 7 | Y83: 0 | Z83: 1 | AA83: 0 | AB83: 0 | AC83: 1 | AD83: 0 | AE83: 2 | AF83: 0 | AG83: 126 | AH83: 1 | AI83: 8 | AJ83: 31 | AK83: 15 | AL83: 9 | AM83: 16 | AN83: 7 | AO83: 11 | AP83: 4 | AQ83: 24
C84: 男 Male | D84: 21 | E84: 7 | F84: 14 | G84: 0 | H84: 0 | I84: 0 | J84: 0 | K84: 21 | L84: 0 | M84: 1 | N84: 14 | O84: 3 | P84: 1 | Q84: 1 | R84: 0 | S84: 1 | T84: 0 | U84: 0 | V84: 21 | W84: 20 | X84: 0 | Y84: 0 | Z84: 0 | AA84: 0 | AB84: 0 | AC84: 1 | AD84: 0 | AE84: 0 | AF84: 0 | AG84: 103 | AH84: 1 | AI84: 7 | AJ84: 18 | AK84: 14 | AL84: 9 | AM84: 15 | AN84: 7 | AO84: 11 | AP84: 4 | AQ84: 17
B85: Taitung County | C85: 女 Female | D85: 103 | E85: 43 | F85: 57 | G85: 2 | H85: 1 | I85: 0 | J85: 0 | K85: 103 | L85: 4 | M85: 16 | N85: 47 | O85: 14 | P85: 8 | Q85: 7 | R85: 4 | S85: 3 | T85: 0 | U85: 0 | V85: 103 | W85: 93 | X85: 7 | Y85: 0 | Z85: 1 | AA85: 0 | AB85: 0 | AC85: 0 | AD85: 0 | AE85: 2 | AF85: 0 | AG85: 16 | AH85: 0 | AI85: 1 | AJ85: 13 | AK85: 1 | AL85: 0 | AM85: 1 | AN85: 0 | AO85: 0 | AP85: 0 | AQ85: 0
C86: 其他 Other | D86: 0 | E86: 0 | F86: 0 | G86: 0 | H86: 0 | I86: 0 | J86: 0 | K86: 0 | L86: 0 | M86: 0 | N86: 0 | O86: 0 | P86: 0 | Q86: 0 | R86: 0 | S86: 0 | T86: 0 | U86: 0 | V86: 0 | W86: 0 | X86: 0 | Y86: 0 | Z86: 0 | AA86: 0 | AB86: 0 | AC86: 0 | AD86: 0 | AE86: 0 | AF86: 0 | AG86: 0 | AH86: 0 | AI86: 0 | AJ86: 0 | AK86: 0 | AL86: 0 | AM86: 0 | AN86: 0 | AO86: 0 | AP86: 0 | AQ86: 0
C87: 不詳Unknown | D87: 1 | E87: 1 | F87: 0 | G87: 0 | H87: 0 | I87: 0 | J87: 0 | K87: 1 | L87: 0 | M87: 0 | N87: 0 | O87: 1 | P87: 0 | Q87: 0 | R87: 0 | S87: 0 | T87: 0 | U87: 0 | V87: 1 | W87: 1 | X87: 0 | Y87: 0 | Z87: 0 | AA87: 0 | AB87: 0 | AC87: 0 | AD87: 0 | AE87: 0 | AF87: 0 | AG87: 7 | AH87: 0 | AI87: 0 | AJ87: 0 | AK87: 0 | AL87: 0 | AM87: 0 | AN87: 0 | AO87: 0 | AP87: 0 | AQ87: 7
B88: 花蓮縣 | C88: 計 Total | D88: 255 | E88: 117 | F88: 131 | G88: 0 | H88: 6 | I88: 0 | J88: 1 | K88: 255 | L88: 7 | M88: 23 | N88: 120 | O88: 32 | P88: 26 | Q88: 15 | R88: 18 | S88: 9 | T88: 4 | U88: 1 | V88: 255 | W88: 220 | X88: 12 | Y88: 0 | Z88: 13 | AA88: 0 | AB88: 0 | AC88: 2 | AD88: 2 | AE88: 3 | AF88: 3 | AG88: 241 | AH88: 1 | AI88: 8 | AJ88: 58 | AK88: 26 | AL88: 18 | AM88: 22 | AN88: 21 | AO88: 22 | AP88: 15 | AQ88: 50
C89: 男 Male | D89: 48 | E89: 24 | F89: 23 | G89: 0 | H89: 0 | I89: 0 | J89: 1 | K89: 48 | L89: 1 | M89: 7 | N89: 27 | O89: 3 | P89: 3 | Q89: 1 | R89: 3 | S89: 2 | T89: 1 | U89: 0 | V89: 48 | W89: 40 | X89: 1 | Y89: 0 | Z89: 4 | AA89: 0 | AB89: 0 | AC89: 0 | AD89: 2 | AE89: 1 | AF89: 0 | AG89: 209 | AH89: 1 | AI89: 7 | AJ89: 37 | AK89: 26 | AL89: 18 | AM89: 19 | AN89: 21 | AO89: 22 | AP89: 15 | AQ89: 43
B90: Hualien County | C90: 女 Female | D90: 207 | E90: 93 | F90: 108 | G90: 0 | H90: 6 | I90: 0 | J90: 0 | K90: 207 | L90: 6 | M90: 16 | N90: 93 | O90: 29 | P90: 23 | Q90: 14 | R90: 15 | S90: 7 | T90: 3 | U90: 1 | V90: 207 | W90: 180 | X90: 11 | Y90: 0 | Z90: 9 | AA90: 0 | AB90: 0 | AC90: 2 | AD90: 0 | AE90: 2 | AF90: 3 | AG90: 28 | AH90: 0 | AI90: 1 | AJ90: 21 | AK90: 0 | AL90: 0 | AM90: 3 | AN90: 0 | AO90: 0 | AP90: 0 | AQ90: 3
C91: 其他 Other | D91: 0 | E91: 0 | F91: 0 | G91: 0 | H91: 0 | I91: 0 | J91: 0 | K91: 0 | L91: 0 | M91: 0 | N91: 0 | O91: 0 | P91: 0 | Q91: 0 | R91: 0 | S91: 0 | T91: 0 | U91: 0 | V91: 0 | W91: 0 | X91: 0 | Y91: 0 | Z91: 0 | AA91: 0 | AB91: 0 | AC91: 0 | AD91: 0 | AE91: 0 | AF91: 0 | AG91: 0 | AH91: 0 | AI91: 0 | AJ91: 0 | AK91: 0 | AL91: 0 | AM91: 0 | AN91: 0 | AO91: 0 | AP91: 0 | AQ91: 0
C92: 不詳Unknown | D92: 0 | E92: 0 | F92: 0 | G92: 0 | H92: 0 | I92: 0 | J92: 0 | K92: 0 | L92: 0 | M92: 0 | N92: 0 | O92: 0 | P92: 0 | Q92: 0 | R92: 0 | S92: 0 | T92: 0 | U92: 0 | V92: 0 | W92: 0 | X92: 0 | Y92: 0 | Z92: 0 | AA92: 0 | AB92: 0 | AC92: 0 | AD92: 0 | AE92: 0 | AF92: 0 | AG92: 4 | AH92: 0 | AI92: 0 | AJ92: 0 | AK92: 0 | AL92: 0 | AM92: 0 | AN92: 0 | AO92: 0 | AP92: 0 | AQ92: 4
B93: 澎湖縣 | C93: 計 Total | D93: 23 | E93: 22 | F93: 1 | G93: 0 | H93: 0 | I93: 0 | J93: 0 | K93: 23 | L93: 1 | M93: 1 | N93: 11 | O93: 1 | P93: 0 | Q93: 3 | R93: 5 | S93: 1 | T93: 0 | U93: 0 | V93: 23 | W93: 21 | X93: 1 | Y93: 0 | Z93: 1 | AA93: 0 | AB93: 0 | AC93: 0 | AD93: 0 | AE93: 0 | AF93: 0 | AG93: 20 | AH93: 0 | AI93: 0 | AJ93: 4 | AK93: 0 | AL93: 2 | AM93: 2 | AN93: 7 | AO93: 2 | AP93: 1 | AQ93: 2
C94: 男 Male | D94: 7 | E94: 7 | F94: 0 | G94: 0 | H94: 0 | I94: 0 | J94: 0 | K94: 7 | L94: 0 | M94: 1 | N94: 5 | O94: 0 | P94: 0 | Q94: 1 | R94: 0 | S94: 0 | T94: 0 | U94: 0 | V94: 7 | W94: 7 | X94: 0 | Y94: 0 | Z94: 0 | AA94: 0 | AB94: 0 | AC94: 0 | AD94: 0 | AE94: 0 | AF94: 0 | AG94: 15 | AH94: 0 | AI94: 0 | AJ94: 2 | AK94: 0 | AL94: 0 | AM94: 1 | AN94: 7 | AO94: 2 | AP94: 1 | AQ94: 2
B95: Penghu County | C95: 女 Female | D95: 16 | E95: 15 | F95: 1 | G95: 0 | H95: 0 | I95: 0 | J95: 0 | K95: 16 | L95: 1 | M95: 0 | N95: 6 | O95: 1 | P95: 0 | Q95: 2 | R95: 5 | S95: 1 | T95: 0 | U95: 0 | V95: 16 | W95: 14 | X95: 1 | Y95: 0 | Z95: 1 | AA95: 0 | AB95: 0 | AC95: 0 | AD95: 0 | AE95: 0 | AF95: 0 | AG95: 5 | AH95: 0 | AI95: 0 | AJ95: 2 | AK95: 0 | AL95: 2 | AM95: 1 | AN95: 0 | AO95: 0 | AP95: 0 | AQ95: 0
C96: 其他 Other | D96: 0 | E96: 0 | F96: 0 | G96: 0 | H96: 0 | I96: 0 | J96: 0 | K96: 0 | L96: 0 | M96: 0 | N96: 0 | O96: 0 | P96: 0 | Q96: 0 | R96: 0 | S96: 0 | T96: 0 | U96: 0 | V96: 0 | W96: 0 | X96: 0 | Y96: 0 | Z96: 0 | AA96: 0 | AB96: 0 | AC96: 0 | AD96: 0 | AE96: 0 | AF96: 0 | AG96: 0 | AH96: 0 | AI96: 0 | AJ96: 0 | AK96: 0 | AL96: 0 | AM96: 0 | AN96: 0 | AO96: 0 | AP96: 0 | AQ96: 0
C97: 不詳Unknown | D97: 0 | E97: 0 | F97: 0 | G97: 0 | H97: 0 | I97: 0 | J97: 0 | K97: 0 | L97: 0 | M97: 0 | N97: 0 | O97: 0 | P97: 0 | Q97: 0 | R97: 0 | S97: 0 | T97: 0 | U97: 0 | V97: 0 | W97: 0 | X97: 0 | Y97: 0 | Z97: 0 | AA97: 0 | AB97: 0 | AC97: 0 | AD97: 0 | AE97: 0 | AF97: 0 | AG97: 0 | AH97: 0 | AI97: 0 | AJ97: 0 | AK97: 0 | AL97: 0 | AM97: 0 | AN97: 0 | AO97: 0 | AP97: 0 | AQ97: 0
B98: 基隆市 | C98: 計 Total | D98: 155 | E98: 138 | F98: 11 | G98: 0 | H98: 0 | I98: 0 | J98: 6 | K98: 155 | L98: 4 | M98: 14 | N98: 89 | O98: 11 | P98: 10 | Q98: 12 | R98: 9 | S98: 5 | T98: 0 | U98: 1 | V98: 155 | W98: 133 | X98: 8 | Y98: 0 | Z98: 6 | AA98: 0 | AB98: 0 | AC98: 1 | AD98: 3 | AE98: 3 | AF98: 1 | AG98: 129 | AH98: 0 | AI98: 5 | AJ98: 36 | AK98: 18 | AL98: 8 | AM98: 11 | AN98: 13 | AO98: 7 | AP98: 3 | AQ98: 28
C99: 男 Male | D99: 29 | E99: 28 | F99: 1 | G99: 0 | H99: 0 | I99: 0 | J99: 0 | K99: 29 | L99: 1 | M99: 6 | N99: 19 | O99: 0 | P99: 3 | Q99: 0 | R99: 0 | S99: 0 | T99: 0 | U99: 0 | V99: 29 | W99: 28 | X99: 0 | Y99: 0 | Z99: 0 | AA99: 0 | AB99: 0 | AC99: 0 | AD99: 1 | AE99: 0 | AF99: 0 | AG99: 106 | AH99: 0 | AI99: 5 | AJ99: 25 | AK99: 18 | AL99: 8 | AM99: 10 | AN99: 13 | AO99: 7 | AP99: 3 | AQ99: 17
B100: Keelung City | C100: 女 Female | D100: 126 | E100: 110 | F100: 10 | G100: 0 | H100: 0 | I100: 0 | J100: 6 | K100: 126 | L100: 3 | M100: 8 | N100: 70 | O100: 11 | P100: 7 | Q100: 12 | R100: 9 | S100: 5 | T100: 0 | U100: 1 | V100: 126 | W100: 105 | X100: 8 | Y100: 0 | Z100: 6 | AA100: 0 | AB100: 0 | AC100: 1 | AD100: 2 | AE100: 3 | AF100: 1 | AG100: 13 | AH100: 0 | AI100: 0 | AJ100: 11 | AK100: 0 | AL100: 0 | AM100: 1 | AN100: 0 | AO100: 0 | AP100: 0 | AQ100: 1
...

Sheet July-Dec., 2025
A1: 性侵害事件通報被害及嫌疑人概況 Overview of Victim and Offender Status in Reporting Sexual Assault Cases
A2: 114年下半年 July-Dec., 2025
A3: 單位：人 unit:Person
A4: 區域別 | C4: 性別 | D4: 性侵害被害人統計 Statistics of Sexual Assault Victims | AG4: 性侵害嫌疑人年齡統計 Statistics of Age of Sexual Assault Offenders
D5: 國籍、身分別 By Nationality and Identity | K5: 年齡別 By Age | V5: 身心障礙別 By Disability | AG5: 年齡別 By Age
D6: 合計 | E6: 本國籍 非原住民 | F6: 本國籍 原住民 | G6: 大陸及 港澳籍 | H6: 外國籍 | I6: 無國籍 | J6: 資料 不明 | K6: 合計 | L6: 0-未滿6歲 | M6: 6-未滿12歲 | N6: 12-未滿18歲 | O6: 18-未滿24歲 | P6: 24-未滿30歲 | Q6: 30-未滿40歲 | R6: 40-未滿50歲 | S6: 50-未滿65歲 | T6: 65歲 以上 | U6: 不詳 | V6: 合計 | W6: 非身心 障礙 | X6: 智障 | Y6: 視障 | Z6: 精神 病患 | AA6: 聲(語)障 | AB6: 聽障 | AC6: 肢障 | AD6: 多重 障礙 | AE6: 其他 障礙 | AF6: 不詳 | AG6: 合計 | AH6: 0-未滿6歲 | AI6: 6-未滿12歲 | AJ6: 12-未滿18歲 | AK6: 18-未滿24歲 | AL6: 24-未滿30歲 | AM6: 30-未滿40歲 | AN6: 40-未滿50歲 | AO6: 50-未滿65歲 | AP6: 65歲 以上 | AQ6: 不詳
A7: Locality | C7: Gender | D7: Total | E7: Non-Indigenous Native | F7: Indigenous Native | G7: Mainland China and Hong Kong and Macau | H7: Foreign | I7: Stateless | J7: Unknown Information | K7: Total | L7: Under 6 Years | M7: 6-Under 12 Years | N7: 12-Under 18 Years | O7: 18-Under 24 Years | P7: 24-Under 30 Years | Q7: 30-Under 40 Years | R7: 40-Under 50 Years | S7: 50-Under 65 Years | T7: Above 65 Years | U7: Unknown | V7: Total | W7: Not Disability | X7: Intellectually Disabled | Y7: Vision | Z7: Mentally Illed | AA7: Voice | AB7: Hearing | AC7: Physically Impaired | AD7: Multiple | AE7: Other | AF7: Unknown | AG7: Total | AH7: Under 6 Years | AI7: 6-Under 12 Years | AJ7: 12-Under 18 Years | AK7: 18-Under 2 Years | AL7: 24-Under 30 Years | AM7: 30-Under 40 Years | AN7: 40-Under 50 Years | AO7: 50-Under 65 Years | AP7: Above 65 Years | AQ7: Unknown
A8: 總計 | C8: 計 Total | D8: 4505 | E8: 3932 | F8: 352 | G8: 23 | H8: 92 | I8: 0 | J8: 106 | K8: 4505 | L8: 108 | M8: 347 | N8: 1594 | O8: 737 | P8: 531 | Q8: 612 | R8: 354 | S8: 147 | T8: 57 | U8: 18 | V8: 4505 | W8: 3930 | X8: 168 | Y8: 7 | Z8: 166 | AA8: 4 | AB8: 11 | AC8: 29 | AD8: 61 | AE8: 74 | AF8: 55 | AG8: 4197 | AH8: 16 | AI8: 89 | AJ8: 708 | AK8: 475 | AL8: 332 | AM8: 445 | AN8: 466 | AO8: 278 | AP8: 162 | AQ8: 1226
C9: 男 Male | D9: 700 | E9: 600 | F9: 71 | G9: 4 | H9: 8 | I9: 0 | J9: 17 | K9: 700 | L9: 16 | M9: 102 | N9: 326 | O9: 79 | P9: 61 | Q9: 66 | R9: 29 | S9: 15 | T9: 3 | U9: 3 | V9: 700 | W9: 602 | X9: 24 | Y9: 1 | Z9: 22 | AA9: 1 | AB9: 0 | AC9: 3 | AD9: 14 | AE9: 23 | AF9: 10 | AG9: 3687 | AH9: 14 | AI9: 68 | AJ9: 496 | AK9: 457 | AL9: 316 | AM9: 424 | AN9: 446 | AO9: 264 | AP9: 155 | AQ9: 1047
A10: Total | C10: 女 Female | D10: 3796 | E10: 3326 | F10: 280 | G10: 19 | H10: 84 | I10: 0 | J10: 87 | K10: 3796 | L10: 92 | M10: 245 | N10: 1262 | O10: 656 | P10: 470 | Q10: 546 | R10: 325 | S10: 132 | T10: 54 | U10: 14 | V10: 3796 | W10: 3321 | X10: 144 | Y10: 6 | Z10: 144 | AA10: 3 | AB10: 11 | AC10: 26 | AD10: 47 | AE10: 51 | AF10: 43 | AG10: 370 | AH10: 2 | AI10: 21 | AJ10: 207 | AK10: 18 | AL10: 15 | AM10: 20 | AN10: 19 | AO10: 13 | AP10: 6 | AQ10: 49
C11: 其他 Other | D11: 0 | E11: 0 | F11: 0 | G11: 0 | H11: 0 | I11: 0 | J11: 0 | K11: 0 | L11: 0 | M11: 0 | N11: 0 | O11: 0 | P11: 0 | Q11: 0 | R11: 0 | S11: 0 | T11: 0 | U11: 0 | V11: 0 | W11: 0 | X11: 0 | Y11: 0 | Z11: 0 | AA11: 0 | AB11: 0 | AC11: 0 | AD11: 0 | AE11: 0 | AF11: 0 | AG11: 0 | AH11: 0 | AI11: 0 | AJ11: 0 | AK11: 0 | AL11: 0 | AM11: 0 | AN11: 0 | AO11: 0 | AP11: 0 | AQ11: 0
C12: 不詳Unknown | D12: 9 | E12: 6 | F12: 1 | G12: 0 | H12: 0 | I12: 0 | J12: 2 | K12: 9 | L12: 0 | M12: 0 | N12: 6 | O12: 2 | P12: 0 | Q12: 0 | R12: 0 | S12: 0 | T12: 0 | U12: 1 | V12: 9 | W12: 7 | X12: 0 | Y12: 0 | Z12: 0 | AA12: 0 | AB12: 0 | AC12: 0 | AD12: 0 | AE12: 0 | AF12: 2 | AG12: 140 | AH12: 0 | AI12: 0 | AJ12: 5 | AK12: 0 | AL12: 1 | AM12: 1 | AN12: 1 | AO12: 1 | AP12: 1 | AQ12: 130
A13: 新北市 | C13: 計 Total | D13: 791 | E13: 702 | F13: 32 | G13: 4 | H13: 14 | I13: 0 | J13: 39 | K13: 791 | L13: 16 | M13: 58 | N13: 276 | O13: 132 | P13: 116 | Q13: 114 | R13: 46 | S13: 17 | T13: 9 | U13: 7 | V13: 791 | W13: 699 | X13: 26 | Y13: 0 | Z13: 25 | AA13: 0 | AB13: 1 | AC13: 5 | AD13: 9 | AE13: 12 | AF13: 14 | AG13: 736 | AH13: 2 | AI13: 13 | AJ13: 126 | AK13: 77 | AL13: 48 | AM13: 62 | AN13: 83 | AO13: 37 | AP13: 23 | AQ13: 265
C14: 男 Male | D14: 119 | E14: 108 | F14: 5 | G14: 2 | H14: 0 | I14: 0 | J14: 4 | K14: 119 | L14: 2 | M14: 19 | N14: 57 | O14: 13 | P14: 11 | Q14: 12 | R14: 3 | S14: 1 | T14: 0 | U14: 1 | V14: 119 | W14: 100 | X14: 5 | Y14: 0 | Z14: 6 | AA14: 0 | AB14: 0 | AC14: 0 | AD14: 2 | AE14: 4 | AF14: 2 | AG14: 629 | AH14: 1 | AI14: 9 | AJ14: 85 | AK14: 76 | AL14: 44 | AM14: 56 | AN14: 75 | AO14: 32 | AP14: 21 | AQ14: 230
A15: New Taipei City | C15: 女 Female | D15: 669 | E15: 591 | F15: 27 | G15: 2 | H15: 14 | I15: 0 | J15: 35 | K15: 669 | L15: 14 | M15: 39 | N15: 216 | O15: 119 | P15: 105 | Q15: 102 | R15: 43 | S15: 16 | T15: 9 | U15: 6 | V15: 669 | W15: 596 | X15: 21 | Y15: 0 | Z15: 19 | AA15: 0 | AB15: 1 | AC15: 5 | AD15: 7 | AE15: 8 | AF15: 12 | AG15: 84 | AH15: 1 | AI15: 4 | AJ15: 39 | AK15: 1 | AL15: 4 | AM15: 6 | AN15: 7 | AO15: 5 | AP15: 2 | AQ15: 15
C16: 其他 Other | D16: 0 | E16: 0 | F16: 0 | G16: 0 | H16: 0 | I16: 0 | J16: 0 | K16: 0 | L16: 0 | M16: 0 | N16: 0 | O16: 0 | P16: 0 | Q16: 0 | R16: 0 | S16: 0 | T16: 0 | U16: 0 | V16: 0 | W16: 0 | X16: 0 | Y16: 0 | Z16: 0 | AA16: 0 | AB16: 0 | AC16: 0 | AD16: 0 | AE16: 0 | AF16: 0 | AG16: 0 | AH16: 0 | AI16: 0 | AJ16: 0 | AK16: 0 | AL16: 0 | AM16: 0 | AN16: 0 | AO16: 0 | AP16: 0 | AQ16: 0
C17: 不詳Unknown | D17: 3 | E17: 3 | F17: 0 | G17: 0 | H17: 0 | I17: 0 | J17: 0 | K17: 3 | L17: 0 | M17: 0 | N17: 3 | O17: 0 | P17: 0 | Q17: 0 | R17: 0 | S17: 0 | T17: 0 | U17: 0 | V17: 3 | W17: 3 | X17: 0 | Y17: 0 | Z17: 0 | AA17: 0 | AB17: 0 | AC17: 0 | AD17: 0 | AE17: 0 | AF17: 0 | AG17: 23 | AH17: 0 | AI17: 0 | AJ17: 2 | AK17: 0 | AL17: 0 | AM17: 0 | AN17: 1 | AO17: 0 | AP17: 0 | AQ17: 20
A18: 臺北市 | C18: 計 Total | D18: 453 | E18: 410 | F18: 6 | G18: 6 | H18: 15 | I18: 0 | J18: 16 | K18: 453 | L18: 8 | M18: 24 | N18: 97 | O18: 94 | P18: 77 | Q18: 84 | R18: 43 | S18: 11 | T18: 11 | U18: 4 | V18: 453 | W18: 393 | X18: 9 | Y18: 0 | Z18: 16 | AA18: 0 | AB18: 1 | AC18: 5 | AD18: 6 | AE18: 7 | AF18: 16 | AG18: 400 | AH18: 4 | AI18: 4 | AJ18: 32 | AK18: 22 | AL18: 42 | AM18: 34 | AN18: 42 | AO18: 22 | AP18: 19 | AQ18: 179
C19: 男 Male | D19: 64 | E19: 52 | F19: 1 | G19: 1 | H19: 5 | I19: 0 | J19: 5 | K19: 64 | L19: 1 | M19: 4 | N19: 18 | O19: 15 | P19: 10 | Q19: 8 | R19: 4 | S19: 2 | T19: 1 | U19: 1 | V19: 64 | W19: 51 | X19: 0 | Y19: 0 | Z19: 2 | AA19: 0 | AB19: 0 | AC19: 2 | AD19: 2 | AE19: 2 | AF19: 5 | AG19: 366 | AH19: 4 | AI19: 3 | AJ19: 25 | AK19: 21 | AL19: 41 | AM19: 32 | AN19: 41 | AO19: 19 | AP19: 19 | AQ19: 161
A20: Taipei City | C20: 女 Female | D20: 388 | E20: 358 | F20: 5 | G20: 5 | H20: 10 | I20: 0 | J20: 10 | K20: 388 | L20: 7 | M20: 20 | N20: 79 | O20: 78 | P20: 67 | Q20: 76 | R20: 39 | S20: 9 | T20: 10 | U20: 3 | V20: 388 | W20: 342 | X20: 9 | Y20: 0 | Z20: 14 | AA20: 0 | AB20: 1 | AC20: 3 | AD20: 4 | AE20: 5 | AF20: 10 | AG20: 22 | AH20: 0 | AI20: 1 | AJ20: 7 | AK20: 1 | AL20: 1 | AM20: 2 | AN20: 1 | AO20: 3 | AP20: 0 | AQ20: 6
C21: 其他 Other | D21: 0 | E21: 0 | F21: 0 | G21: 0 | H21: 0 | I21: 0 | J21: 0 | K21: 0 | L21: 0 | M21: 0 | N21: 0 | O21: 0 | P21: 0 | Q21: 0 | R21: 0 | S21: 0 | T21: 0 | U21: 0 | V21: 0 | W21: 0 | X21: 0 | Y21: 0 | Z21: 0 | AA21: 0 | AB21: 0 | AC21: 0 | AD21: 0 | AE21: 0 | AF21: 0 | AG21: 0 | AH21: 0 | AI21: 0 | AJ21: 0 | AK21: 0 | AL21: 0 | AM21: 0 | AN21: 0 | AO21: 0 | AP21: 0 | AQ21: 0
C22: 不詳Unknown | D22: 1 | E22: 0 | F22: 0 | G22: 0 | H22: 0 | I22: 0 | J22: 1 | K22: 1 | L22: 0 | M22: 0 | N22: 0 | O22: 1 | P22: 0 | Q22: 0 | R22: 0 | S22: 0 | T22: 0 | U22: 0 | V22: 1 | W22: 0 | X22: 0 | Y22: 0 | Z22: 0 | AA22: 0 | AB22: 0 | AC22: 0 | AD22: 0 | AE22: 0 | AF22: 1 | AG22: 12 | AH22: 0 | AI22: 0 | AJ22: 0 | AK22: 0 | AL22: 0 | AM22: 0 | AN22: 0 | AO22: 0 | AP22: 0 | AQ22: 12
A23: 桃園市 | C23: 計 Total | D23: 591 | E23: 497 | F23: 77 | G23: 3 | H23: 13 | I23: 0 | J23: 1 | K23: 591 | L23: 8 | M23: 45 | N23: 226 | O23: 91 | P23: 61 | Q23: 88 | R23: 49 | S23: 16 | T23: 6 | U23: 1 | V23: 591 | W23: 527 | X23: 22 | Y23: 1 | Z23: 14 | AA23: 0 | AB23: 2 | AC23: 2 | AD23: 8 | AE23: 9 | AF23: 6 | AG23: 586 | AH23: 0 | AI23: 11 | AJ23: 95 | AK23: 74 | AL23: 47 | AM23: 53 | AN23: 60 | AO23: 35 | AP23: 19 | AQ23: 192
C24: 男 Male | D24: 82 | E24: 69 | F24: 12 | G24: 0 | H24: 1 | I24: 0 | J24: 0 | K24: 82 | L24: 0 | M24: 12 | N24: 36 | O24: 11 | P24: 7 | Q24: 7 | R24: 7 | S24: 0 | T24: 1 | U24: 1 | V24: 82 | W24: 68 | X24: 3 | Y24: 0 | Z24: 2 | AA24: 0 | AB24: 0 | AC24: 0 | AD24: 2 | AE24: 5 | AF24: 2 | AG24: 511 | AH24: 0 | AI24: 6 | AJ24: 69 | AK24: 71 | AL24: 45 | AM24: 52 | AN24: 56 | AO24: 35 | AP24: 19 | AQ24: 158
A25: Taoyuan City | C25: 女 Female | D25: 509 | E25: 428 | F25: 65 | G25: 3 | H25: 12 | I25: 0 | J25: 1 | K25: 509 | L25: 8 | M25: 33 | N25: 190 | O25: 80 | P25: 54 | Q25: 81 | R25: 42 | S25: 16 | T25: 5 | U25: 0 | V25: 509 | W25: 459 | X25: 19 | Y25: 1 | Z25: 12 | AA25: 0 | AB25: 2 | AC25: 2 | AD25: 6 | AE25: 4 | AF25: 4 | AG25: 47 | AH25: 0 | AI25: 5 | AJ25: 26 | AK25: 3 | AL25: 2 | AM25: 1 | AN25: 4 | AO25: 0 | AP25: 0 | AQ25: 6
C26: 其他 Other | D26: 0 | E26: 0 | F26: 0 | G26: 0 | H26: 0 | I26: 0 | J26: 0 | K26: 0 | L26: 0 | M26: 0 | N26: 0 | O26: 0 | P26: 0 | Q26: 0 | R26: 0 | S26: 0 | T26: 0 | U26: 0 | V26: 0 | W26: 0 | X26: 0 | Y26: 0 | Z26: 0 | AA26: 0 | AB26: 0 | AC26: 0 | AD26: 0 | AE26: 0 | AF26: 0 | AG26: 0 | AH26: 0 | AI26: 0 | AJ26: 0 | AK26: 0 | AL26: 0 | AM26: 0 | AN26: 0 | AO26: 0 | AP26: 0 | AQ26: 0
C27: 不詳Unknown | D27: 0 | E27: 0 | F27: 0 | G27: 0 | H27: 0 | I27: 0 | J27: 0 | K27: 0 | L27: 0 | M27: 0 | N27: 0 | O27: 0 | P27: 0 | Q27: 0 | R27: 0 | S27: 0 | T27: 0 | U27: 0 | V27: 0 | W27: 0 | X27: 0 | Y27: 0 | Z27: 0 | AA27: 0 | AB27: 0 | AC27: 0 | AD27: 0 | AE27: 0 | AF27: 0 | AG27: 28 | AH27: 0 | AI27: 0 | AJ27: 0 | AK27: 0 | AL27: 0 | AM27: 0 | AN27: 0 | AO27: 0 | AP27: 0 | AQ27: 28
A28: 臺中市 | C28: 計 Total | D28: 620 | E28: 569 | F28: 15 | G28: 3 | H28: 8 | I28: 0 | J28: 25 | K28: 620 | L28: 17 | M28: 39 | N28: 191 | O28: 119 | P28: 67 | Q28: 91 | R28: 61 | S28: 25 | T28: 6 | U28: 4 | V28: 620 | W28: 539 | X28: 23 | Y28: 1 | Z28: 27 | AA28: 2 | AB28: 1 | AC28: 3 | AD28: 10 | AE28: 10 | AF28: 4 | AG28: 585 | AH28: 3 | AI28: 16 | AJ28: 92 | AK28: 73 | AL28: 47 | AM28: 75 | AN28: 63 | AO28: 28 | AP28: 19 | AQ28: 169
C29: 男 Male | D29: 85 | E29: 73 | F29: 4 | G29: 1 | H29: 1 | I29: 0 | J29: 6 | K29: 85 | L29: 3 | M29: 11 | N29: 40 | O29: 8 | P29: 10 | Q29: 10 | R29: 1 | S29: 2 | T29: 0 | U29: 0 | V29: 85 | W29: 76 | X29: 3 | Y29: 0 | Z29: 1 | AA29: 0 | AB29: 0 | AC29: 0 | AD29: 2 | AE29: 3 | AF29: 0 | AG29: 520 | AH29: 2 | AI29: 13 | AJ29: 73 | AK29: 69 | AL29: 46 | AM29: 72 | AN29: 60 | AO29: 28 | AP29: 18 | AQ29: 139
A30: Taichung City | C30: 女 Female | D30: 534 | E30: 496 | F30: 11 | G30: 2 | H30: 7 | I30: 0 | J30: 18 | K30: 534 | L30: 14 | M30: 28 | N30: 151 | O30: 111 | P30: 57 | Q30: 81 | R30: 60 | S30: 23 | T30: 6 | U30: 3 | V30: 534 | W30: 463 | X30: 20 | Y30: 1 | Z30: 26 | AA30: 2 | AB30: 1 | AC30: 3 | AD30: 8 | AE30: 7 | AF30: 3 | AG30: 35 | AH30: 1 | AI30: 3 | AJ30: 17 | AK30: 4 | AL30: 0 | AM30: 2 | AN30: 3 | AO30: 0 | AP30: 1 | AQ30: 4
C31: 其他 Other | D31: 0 | E31: 0 | F31: 0 | G31: 0 | H31: 0 | I31: 0 | J31: 0 | K31: 0 | L31: 0 | M31: 0 | N31: 0 | O31: 0 | P31: 0 | Q31: 0 | R31: 0 | S31: 0 | T31: 0 | U31: 0 | V31: 0 | W31: 0 | X31: 0 | Y31: 0 | Z31: 0 | AA31: 0 | AB31: 0 | AC31: 0 | AD31: 0 | AE31: 0 | AF31: 0 | AG31: 0 | AH31: 0 | AI31: 0 | AJ31: 0 | AK31: 0 | AL31: 0 | AM31: 0 | AN31: 0 | AO31: 0 | AP31: 0 | AQ31: 0
C32: 不詳Unknown | D32: 1 | E32: 0 | F32: 0 | G32: 0 | H32: 0 | I32: 0 | J32: 1 | K32: 1 | L32: 0 | M32: 0 | N32: 0 | O32: 0 | P32: 0 | Q32: 0 | R32: 0 | S32: 0 | T32: 0 | U32: 1 | V32: 1 | W32: 0 | X32: 0 | Y32: 0 | Z32: 0 | AA32: 0 | AB32: 0 | AC32: 0 | AD32: 0 | AE32: 0 | AF32: 1 | AG32: 30 | AH32: 0 | AI32: 0 | AJ32: 2 | AK32: 0 | AL32: 1 | AM32: 1 | AN32: 0 | AO32: 0 | AP32: 0 | AQ32: 26
A33: 臺南市 | C33: 計 Total | D33: 360 | E33: 341 | F33: 9 | G33: 1 | H33: 9 | I33: 0 | J33: 0 | K33: 360 | L33: 10 | M33: 45 | N33: 106 | O33: 53 | P33: 41 | Q33: 49 | R33: 31 | S33: 20 | T33: 5 | U33: 0 | V33: 360 | W33: 320 | X33: 10 | Y33: 1 | Z33: 16 | AA33: 0 | AB33: 0 | AC33: 3 | AD33: 3 | AE33: 7 | AF33: 0 | AG33: 348 | AH33: 3 | AI33: 9 | AJ33: 57 | AK33: 36 | AL33: 27 | AM33: 42 | AN33: 53 | AO33: 34 | AP33: 14 | AQ33: 73
C34: 男 Male | D34: 51 | E34: 50 | F34: 0 | G34: 0 | H34: 1 | I34: 0 | J34: 0 | K34: 51 | L34: 1 | M34: 12 | N34: 19 | O34: 3 | P34: 6 | Q34: 6 | R34: 3 | S34: 1 | T34: 0 | U34: 0 | V34: 51 | W34: 45 | X34: 1 | Y34: 0 | Z34: 4 | AA34: 0 | AB34: 0 | AC34: 0 | AD34: 0 | AE34: 1 | AF34: 0 | AG34: 322 | AH34: 3 | AI34: 6 | AJ34: 47 | AK34: 34 | AL34: 25 | AM34: 40 | AN34: 52 | AO34: 33 | AP34: 14 | AQ34: 68
A35: Tainan City | C35: 女 Female | D35: 309 | E35: 291 | F35: 9 | G35: 1 | H35: 8 | I35: 0 | J35: 0 | K35: 309 | L35: 9 | M35: 33 | N35: 87 | O35: 50 | P35: 35 | Q35: 43 | R35: 28 | S35: 19 | T35: 5 | U35: 0 | V35: 309 | W35: 275 | X35: 9 | Y35: 1 | Z35: 12 | AA35: 0 | AB35: 0 | AC35: 3 | AD35: 3 | AE35: 6 | AF35: 0 | AG35: 22 | AH35: 0 | AI35: 3 | AJ35: 10 | AK35: 2 | AL35: 2 | AM35: 2 | AN35: 1 | AO35: 0 | AP35: 0 | AQ35: 2
C36: 其他 Other | D36: 0 | E36: 0 | F36: 0 | G36: 0 | H36: 0 | I36: 0 | J36: 0 | K36: 0 | L36: 0 | M36: 0 | N36: 0 | O36: 0 | P36: 0 | Q36: 0 | R36: 0 | S36: 0 | T36: 0 | U36: 0 | V36: 0 | W36: 0 | X36: 0 | Y36: 0 | Z36: 0 | AA36: 0 | AB36: 0 | AC36: 0 | AD36: 0 | AE36: 0 | AF36: 0 | AG36: 0 | AH36: 0 | AI36: 0 | AJ36: 0 | AK36: 0 | AL36: 0 | AM36: 0 | AN36: 0 | AO36: 0 | AP36: 0 | AQ36: 0
C37: 不詳Unknown | D37: 0 | E37: 0 | F37: 0 | G37: 0 | H37: 0 | I37: 0 | J37: 0 | K37: 0 | L37: 0 | M37: 0 | N37: 0 | O37: 0 | P37: 0 | Q37: 0 | R37: 0 | S37: 0 | T37: 0 | U37: 0 | V37: 0 | W37: 0 | X37: 0 | Y37: 0 | Z37: 0 | AA37: 0 | AB37: 0 | AC37: 0 | AD37: 0 | AE37: 0 | AF37: 0 | AG37: 4 | AH37: 0 | AI37: 0 | AJ37: 0 | AK37: 0 | AL37: 0 | AM37: 0 | AN37: 0 | AO37: 1 | AP37: 0 | AQ37: 3
A38: 高雄市 | C38: 計 Total | D38: 460 | E38: 418 | F38: 29 | G38: 4 | H38: 9 | I38: 0 | J38: 0 | K38: 460 | L38: 10 | M38: 34 | N38: 153 | O38: 78 | P38: 52 | Q38: 62 | R38: 40 | S38: 22 | T38: 8 | U38: 1 | V38: 460 | W38: 392 | X38: 19 | Y38: 1 | Z38: 19 | AA38: 2 | AB38: 3 | AC38: 4 | AD38: 6 | AE38: 12 | AF38: 2 | AG38: 421 | AH38: 2 | AI38: 8 | AJ38: 66 | AK38: 47 | AL38: 27 | AM38: 50 | AN38: 47 | AO38: 41 | AP38: 22 | AQ38: 111
C39: 男 Male | D39: 75 | E39: 68 | F39: 7 | G39: 0 | H39: 0 | I39: 0 | J39: 0 | K39: 75 | L39: 2 | M39: 11 | N39: 38 | O39: 8 | P39: 5 | Q39: 7 | R39: 2 | S39: 2 | T39: 0 | U39: 0 | V39: 75 | W39: 65 | X39: 4 | Y39: 0 | Z39: 0 | AA39: 1 | AB39: 0 | AC39: 0 | AD39: 1 | AE39: 4 | AF39: 0 | AG39: 366 | AH39: 2 | AI39: 6 | AJ39: 43 | AK39: 45 | AL39: 27 | AM39: 49 | AN39: 46 | AO39: 40 | AP39: 19 | AQ39: 89
A40: Kaohsiung City | C40: 女 Female | D40: 385 | E40: 350 | F40: 22 | G40: 4 | H40: 9 | I40: 0 | J40: 0 | K40: 385 | L40: 8 | M40: 23 | N40: 115 | O40: 70 | P40: 47 | Q40: 55 | R40: 38 | S40: 20 | T40: 8 | U40: 1 | V40: 385 | W40: 327 | X40: 15 | Y40: 1 | Z40: 19 | AA40: 1 | AB40: 3 | AC40: 4 | AD40: 5 | AE40: 8 | AF40: 2 | AG40: 35 | AH40: 0 | AI40: 2 | AJ40: 23 | AK40: 2 | AL40: 0 | AM40: 1 | AN40: 1 | AO40: 1 | AP40: 2 | AQ40: 3
C41: 其他 Other | D41: 0 | E41: 0 | F41: 0 | G41: 0 | H41: 0 | I41: 0 | J41: 0 | K41: 0 | L41: 0 | M41: 0 | N41: 0 | O41: 0 | P41: 0 | Q41: 0 | R41: 0 | S41: 0 | T41: 0 | U41: 0 | V41: 0 | W41: 0 | X41: 0 | Y41: 0 | Z41: 0 | AA41: 0 | AB41: 0 | AC41: 0 | AD41: 0 | AE41: 0 | AF41: 0 | AG41: 0 | AH41: 0 | AI41: 0 | AJ41: 0 | AK41: 0 | AL41: 0 | AM41: 0 | AN41: 0 | AO41: 0 | AP41: 0 | AQ41: 0
C42: 不詳Unknown | D42: 0 | E42: 0 | F42: 0 | G42: 0 | H42: 0 | I42: 0 | J42: 0 | K42: 0 | L42: 0 | M42: 0 | N42: 0 | O42: 0 | P42: 0 | Q42: 0 | R42: 0 | S42: 0 | T42: 0 | U42: 0 | V42: 0 | W42: 0 | X42: 0 | Y42: 0 | Z42: 0 | AA42: 0 | AB42: 0 | AC42: 0 | AD42: 0 | AE42: 0 | AF42: 0 | AG42: 20 | AH42: 0 | AI42: 0 | AJ42: 0 | AK42: 0 | AL42: 0 | AM42: 0 | AN42: 0 | AO42: 0 | AP42: 1 | AQ42: 19
B43: 宜蘭縣 | C43: 計 Total | D43: 68 | E43: 60 | F43: 7 | G43: 0 | H43: 0 | I43: 0 | J43: 1 | K43: 68 | L43: 1 | M43: 9 | N43: 37 | O43: 6 | P43: 5 | Q43: 1 | R43: 4 | S43: 3 | T43: 2 | U43: 0 | V43: 68 | W43: 63 | X43: 0 | Y43: 0 | Z43: 2 | AA43: 0 | AB43: 0 | AC43: 1 | AD43: 2 | AE43: 0 | AF43: 0 | AG43: 69 | AH43: 0 | AI43: 2 | AJ43: 16 | AK43: 12 | AL43: 8 | AM43: 6 | AN43: 4 | AO43: 3 | AP43: 4 | AQ43: 14
C44: 男 Male | D44: 19 | E44: 16 | F44: 3 | G44: 0 | H44: 0 | I44: 0 | J44: 0 | K44: 19 | L44: 0 | M44: 4 | N44: 11 | O44: 1 | P44: 1 | Q44: 0 | R44: 0 | S44: 2 | T44: 0 | U44: 0 | V44: 19 | W44: 19 | X44: 0 | Y44: 0 | Z44: 0 | AA44: 0 | AB44: 0 | AC44: 0 | AD44: 0 | AE44: 0 | AF44: 0 | AG44: 60 | AH44: 0 | AI44: 1 | AJ44: 9 | AK44: 12 | AL44: 8 | AM44: 5 | AN44: 4 | AO44: 3 | AP44: 4 | AQ44: 14
B45: Yilan County | C45: 女 Female | D45: 49 | E45: 44 | F45: 4 | G45: 0 | H45: 0 | I45: 0 | J45: 1 | K45: 49 | L45: 1 | M45: 5 | N45: 26 | O45: 5 | P45: 4 | Q45: 1 | R45: 4 | S45: 1 | T45: 2 | U45: 0 | V45: 49 | W45: 44 | X45: 0 | Y45: 0 | Z45: 2 | AA45: 0 | AB45: 0 | AC45: 1 | AD45: 2 | AE45: 0 | AF45: 0 | AG45: 8 | AH45: 0 | AI45: 1 | AJ45: 6 | AK45: 0 | AL45: 0 | AM45: 1 | AN45: 0 | AO45: 0 | AP45: 0 | AQ45: 0
C46: 其他 Other | D46: 0 | E46: 0 | F46: 0 | G46: 0 | H46: 0 | I46: 0 | J46: 0 | K46: 0 | L46: 0 | M46: 0 | N46: 0 | O46: 0 | P46: 0 | Q46: 0 | R46: 0 | S46: 0 | T46: 0 | U46: 0 | V46: 0 | W46: 0 | X46: 0 | Y46: 0 | Z46: 0 | AA46: 0 | AB46: 0 | AC46: 0 | AD46: 0 | AE46: 0 | AF46: 0 | AG46: 0 | AH46: 0 | AI46: 0 | AJ46: 0 | AK46: 0 | AL46: 0 | AM46: 0 | AN46: 0 | AO46: 0 | AP46: 0 | AQ46: 0
C47: 不詳Unknown | D47: 0 | E47: 0 | F47: 0 | G47: 0 | H47: 0 | I47: 0 | J47: 0 | K47: 0 | L47: 0 | M47: 0 | N47: 0 | O47: 0 | P47: 0 | Q47: 0 | R47: 0 | S47: 0 | T47: 0 | U47: 0 | V47: 0 | W47: 0 | X47: 0 | Y47: 0 | Z47: 0 | AA47: 0 | AB47: 0 | AC47: 0 | AD47: 0 | AE47: 0 | AF47: 0 | AG47: 1 | AH47: 0 | AI47: 0 | AJ47: 1 | AK47: 0 | AL47: 0 | AM47: 0 | AN47: 0 | AO47: 0 | AP47: 0 | AQ47: 0
B48: 新竹縣 | C48: 計 Total | D48: 116 | E48: 93 | F48: 15 | G48: 0 | H48: 2 | I48: 0 | J48: 6 | K48: 116 | L48: 7 | M48: 7 | N48: 55 | O48: 12 | P48: 13 | Q48: 13 | R48: 7 | S48: 2 | T48: 0 | U48: 0 | V48: 116 | W48: 102 | X48: 3 | Y48: 0 | Z48: 6 | AA48: 0 | AB48: 0 | AC48: 0 | AD48: 1 | AE48: 1 | AF48: 3 | AG48: 86 | AH48: 0 | AI48: 3 | AJ48: 18 | AK48: 12 | AL48: 4 | AM48: 6 | AN48: 8 | AO48: 9 | AP48: 0 | AQ48: 26
C49: 男 Male | D49: 23 | E49: 18 | F49: 5 | G49: 0 | H49: 0 | I49: 0 | J49: 0 | K49: 23 | L49: 1 | M49: 4 | N49: 14 | O49: 1 | P49: 1 | Q49: 2 | R49: 0 | S49: 0 | T49: 0 | U49: 0 | V49: 23 | W49: 22 | X49: 0 | Y49: 0 | Z49: 1 | AA49: 0 | AB49: 0 | AC49: 0 | AD49: 0 | AE49: 0 | AF49: 0 | AG49: 74 | AH49: 0 | AI49: 3 | AJ49: 12 | AK49: 12 | AL49: 4 | AM49: 5 | AN49: 8 | AO49: 9 | AP49: 0 | AQ49: 21
B50: Hsinchu County | C50: 女 Female | D50: 92 | E50: 75 | F50: 9 | G50: 0 | H50: 2 | I50: 0 | J50: 6 | K50: 92 | L50: 6 | M50: 3 | N50: 40 | O50: 11 | P50: 12 | Q50: 11 | R50: 7 | S50: 2 | T50: 0 | U50: 0 | V50: 92 | W50: 79 | X50: 3 | Y50: 0 | Z50: 5 | AA50: 0 | AB50: 0 | AC50: 0 | AD50: 1 | AE50: 1 | AF50: 3 | AG50: 8 | AH50: 0 | AI50: 0 | AJ50: 6 | AK50: 0 | AL50: 0 | AM50: 1 | AN50: 0 | AO50: 0 | AP50: 0 | AQ50: 1
C51: 其他 Other | D51: 0 | E51: 0 | F51: 0 | G51: 0 | H51: 0 | I51: 0 | J51: 0 | K51: 0 | L51: 0 | M51: 0 | N51: 0 | O51: 0 | P51: 0 | Q51: 0 | R51: 0 | S51: 0 | T51: 0 | U51: 0 | V51: 0 | W51: 0 | X51: 0 | Y51: 0 | Z51: 0 | AA51: 0 | AB51: 0 | AC51: 0 | AD51: 0 | AE51: 0 | AF51: 0 | AG51: 0 | AH51: 0 | AI51: 0 | AJ51: 0 | AK51: 0 | AL51: 0 | AM51: 0 | AN51: 0 | AO51: 0 | AP51: 0 | AQ51: 0
C52: 不詳Unknown | D52: 1 | E52: 0 | F52: 1 | G52: 0 | H52: 0 | I52: 0 | J52: 0 | K52: 1 | L52: 0 | M52: 0 | N52: 1 | O52: 0 | P52: 0 | Q52: 0 | R52: 0 | S52: 0 | T52: 0 | U52: 0 | V52: 1 | W52: 1 | X52: 0 | Y52: 0 | Z52: 0 | AA52: 0 | AB52: 0 | AC52: 0 | AD52: 0 | AE52: 0 | AF52: 0 | AG52: 4 | AH52: 0 | AI52: 0 | AJ52: 0 | AK52: 0 | AL52: 0 | AM52: 0 | AN52: 0 | AO52: 0 | AP52: 0 | AQ52: 4
B53: 苗栗縣 | C53: 計 Total | D53: 85 | E53: 75 | F53: 9 | G53: 0 | H53: 0 | I53: 0 | J53: 1 | K53: 85 | L53: 1 | M53: 7 | N53: 38 | O53: 12 | P53: 10 | Q53: 12 | R53: 5 | S53: 0 | T53: 0 | U53: 0 | V53: 85 | W53: 74 | X53: 6 | Y53: 0 | Z53: 2 | AA53: 0 | AB53: 1 | AC53: 0 | AD53: 0 | AE53: 1 | AF53: 1 | AG53: 89 | AH53: 1 | AI53: 1 | AJ53: 15 | AK53: 12 | AL53: 4 | AM53: 14 | AN53: 8 | AO53: 8 | AP53: 6 | AQ53: 20
C54: 男 Male | D54: 17 | E54: 13 | F54: 3 | G54: 0 | H54: 0 | I54: 0 | J54: 1 | K54: 17 | L54: 0 | M54: 3 | N54: 4 | O54: 5 | P54: 2 | Q54: 2 | R54: 1 | S54: 0 | T54: 0 | U54: 0 | V54: 17 | W54: 14 | X54: 2 | Y54: 0 | Z54: 0 | AA54: 0 | AB54: 0 | AC54: 0 | AD54: 0 | AE54: 0 | AF54: 1 | AG54: 82 | AH54: 1 | AI54: 1 | AJ54: 11 | AK54: 11 | AL54: 3 | AM54: 14 | AN54: 8 | AO54: 8 | AP54: 6 | AQ54: 19
B55: Miaoli County | C55: 女 Female | D55: 68 | E55: 62 | F55: 6 | G55: 0 | H55: 0 | I55: 0 | J55: 0 | K55: 68 | L55: 1 | M55: 4 | N55: 34 | O55: 7 | P55: 8 | Q55: 10 | R55: 4 | S55: 0 | T55: 0 | U55: 0 | V55: 68 | W55: 60 | X55: 4 | Y55: 0 | Z55: 2 | AA55: 0 | AB55: 1 | AC55: 0 | AD55: 0 | AE55: 1 | AF55: 0 | AG55: 6 | AH55: 0 | AI55: 0 | AJ55: 4 | AK55: 1 | AL55: 1 | AM55: 0 | AN55: 0 | AO55: 0 | AP55: 0 | AQ55: 0
C56: 其他 Other | D56: 0 | E56: 0 | F56: 0 | G56: 0 | H56: 0 | I56: 0 | J56: 0 | K56: 0 | L56: 0 | M56: 0 | N56: 0 | O56: 0 | P56: 0 | Q56: 0 | R56: 0 | S56: 0 | T56: 0 | U56: 0 | V56: 0 | W56: 0 | X56: 0 | Y56: 0 | Z56: 0 | AA56: 0 | AB56: 0 | AC56: 0 | AD56: 0 | AE56: 0 | AF56: 0 | AG56: 0 | AH56: 0 | AI56: 0 | AJ56: 0 | AK56: 0 | AL56: 0 | AM56: 0 | AN56: 0 | AO56: 0 | AP56: 0 | AQ56: 0
C57: 不詳Unknown | D57: 0 | E57: 0 | F57: 0 | G57: 0 | H57: 0 | I57: 0 | J57: 0 | K57: 0 | L57: 0 | M57: 0 | N57: 0 | O57: 0 | P57: 0 | Q57: 0 | R57: 0 | S57: 0 | T57: 0 | U57: 0 | V57: 0 | W57: 0 | X57: 0 | Y57: 0 | Z57: 0 | AA57: 0 | AB57: 0 | AC57: 0 | AD57: 0 | AE57: 0 | AF57: 0 | AG57: 1 | AH57: 0 | AI57: 0 | AJ57: 0 | AK57: 0 | AL57: 0 | AM57: 0 | AN57: 0 | AO57: 0 | AP57: 0 | AQ57: 1
B58: 彰化縣 | C58: 計 Total | D58: 180 | E58: 158 | F58: 9 | G58: 1 | H58: 6 | I58: 0 | J58: 6 | K58: 180 | L58: 5 | M58: 16 | N58: 86 | O58: 20 | P58: 11 | Q58: 22 | R58: 9 | S58: 9 | T58: 2 | U58: 0 | V58: 180 | W58: 154 | X58: 12 | Y58: 2 | Z58: 6 | AA58: 0 | AB58: 1 | AC58: 2 | AD58: 2 | AE58: 1 | AF58: 0 | AG58: 165 | AH58: 0 | AI58: 3 | AJ58: 36 | AK58: 21 | AL58: 9 | AM58: 22 | AN58: 17 | AO58: 19 | AP58: 3 | AQ58: 35
C59: 男 Male | D59: 38 | E59: 34 | F59: 3 | G59: 0 | H59: 0 | I59: 0 | J59: 1 | K59: 38 | L59: 2 | M59: 7 | N59: 20 | O59: 1 | P59: 2 | Q59: 5 | R59: 1 | S59: 0 | T59: 0 | U59: 0 | V59: 38 | W59: 31 | X59: 3 | Y59: 0 | Z59: 2 | AA59: 0 | AB59: 0 | AC59: 0 | AD59: 1 | AE59: 1 | AF59: 0 | AG59: 136 | AH59: 0 | AI59: 2 | AJ59: 25 | AK59: 18 | AL59: 7 | AM59: 22 | AN59: 16 | AO59: 17 | AP59: 3 | AQ59: 26
B60: Changhua County | C60: 女 Female | D60: 142 | E60: 124 | F60: 6 | G60: 1 | H60: 6 | I60: 0 | J60: 5 | K60: 142 | L60: 3 | M60: 9 | N60: 66 | O60: 19 | P60: 9 | Q60: 17 | R60: 8 | S60: 9 | T60: 2 | U60: 0 | V60: 142 | W60: 123 | X60: 9 | Y60: 2 | Z60: 4 | AA60: 0 | AB60: 1 | AC60: 2 | AD60: 1 | AE60: 0 | AF60: 0 | AG60: 27 | AH60: 0 | AI60: 1 | AJ60: 11 | AK60: 3 | AL60: 2 | AM60: 0 | AN60: 1 | AO60: 2 | AP60: 0 | AQ60: 7
C61: 其他 Other | D61: 0 | E61: 0 | F61: 0 | G61: 0 | H61: 0 | I61: 0 | J61: 0 | K61: 0 | L61: 0 | M61: 0 | N61: 0 | O61: 0 | P61: 0 | Q61: 0 | R61: 0 | S61: 0 | T61: 0 | U61: 0 | V61: 0 | W61: 0 | X61: 0 | Y61: 0 | Z61: 0 | AA61: 0 | AB61: 0 | AC61: 0 | AD61: 0 | AE61: 0 | AF61: 0 | AG61: 0 | AH61: 0 | AI61: 0 | AJ61: 0 | AK61: 0 | AL61: 0 | AM61: 0 | AN61: 0 | AO61: 0 | AP61: 0 | AQ61: 0
C62: 不詳Unknown | D62: 0 | E62: 0 | F62: 0 | G62: 0 | H62: 0 | I62: 0 | J62: 0 | K62: 0 | L62: 0 | M62: 0 | N62: 0 | O62: 0 | P62: 0 | Q62: 0 | R62: 0 | S62: 0 | T62: 0 | U62: 0 | V62: 0 | W62: 0 | X62: 0 | Y62: 0 | Z62: 0 | AA62: 0 | AB62: 0 | AC62: 0 | AD62: 0 | AE62: 0 | AF62: 0 | AG62: 2 | AH62: 0 | AI62: 0 | AJ62: 0 | AK62: 0 | AL62: 0 | AM62: 0 | AN62: 0 | AO62: 0 | AP62: 0 | AQ62: 2
B63: 南投縣 | C63: 計 Total | D63: 91 | E63: 70 | F63: 18 | G63: 0 | H63: 2 | I63: 0 | J63: 1 | K63: 91 | L63: 4 | M63: 9 | N63: 41 | O63: 9 | P63: 7 | Q63: 7 | R63: 11 | S63: 2 | T63: 1 | U63: 0 | V63: 91 | W63: 76 | X63: 5 | Y63: 0 | Z63: 5 | AA63: 0 | AB63: 0 | AC63: 0 | AD63: 2 | AE63: 2 | AF63: 1 | AG63: 87 | AH63: 0 | AI63: 1 | AJ63: 24 | AK63: 11 | AL63: 6 | AM63: 7 | AN63: 10 | AO63: 3 | AP63: 2 | AQ63: 23
C64: 男 Male | D64: 17 | E64: 11 | F64: 6 | G64: 0 | H64: 0 | I64: 0 | J64: 0 | K64: 17 | L64: 2 | M64: 3 | N64: 6 | O64: 2 | P64: 1 | Q64: 1 | R64: 2 | S64: 0 | T64: 0 | U64: 0 | V64: 17 | W64: 15 | X64: 1 | Y64: 0 | Z64: 1 | AA64: 0 | AB64: 0 | AC64: 0 | AD64: 0 | AE64: 0 | AF64: 0 | AG64: 72 | AH64: 0 | AI64: 1 | AJ64: 16 | AK64: 11 | AL64: 4 | AM64: 7 | AN64: 10 | AO64: 3 | AP64: 2 | AQ64: 18
B65: Nantou County | C65: 女 Female | D65: 73 | E65: 58 | F65: 12 | G65: 0 | H65: 2 | I65: 0 | J65: 1 | K65: 73 | L65: 2 | M65: 6 | N65: 34 | O65: 7 | P65: 6 | Q65: 6 | R65: 9 | S65: 2 | T65: 1 | U65: 0 | V65: 73 | W65: 60 | X65: 4 | Y65: 0 | Z65: 4 | AA65: 0 | AB65: 0 | AC65: 0 | AD65: 2 | AE65: 2 | AF65: 1 | AG65: 11 | AH65: 0 | AI65: 0 | AJ65: 8 | AK65: 0 | AL65: 2 | AM65: 0 | AN65: 0 | AO65: 0 | AP65: 0 | AQ65: 1
C66: 其他 Other | D66: 0 | E66: 0 | F66: 0 | G66: 0 | H66: 0 | I66: 0 | J66: 0 | K66: 0 | L66: 0 | M66: 0 | N66: 0 | O66: 0 | P66: 0 | Q66: 0 | R66: 0 | S66: 0 | T66: 0 | U66: 0 | V66: 0 | W66: 0 | X66: 0 | Y66: 0 | Z66: 0 | AA66: 0 | AB66: 0 | AC66: 0 | AD66: 0 | AE66: 0 | AF66: 0 | AG66: 0 | AH66: 0 | AI66: 0 | AJ66: 0 | AK66: 0 | AL66: 0 | AM66: 0 | AN66: 0 | AO66: 0 | AP66: 0 | AQ66: 0
C67: 不詳Unknown | D67: 1 | E67: 1 | F67: 0 | G67: 0 | H67: 0 | I67: 0 | J67: 0 | K67: 1 | L67: 0 | M67: 0 | N67: 1 | O67: 0 | P67: 0 | Q67: 0 | R67: 0 | S67: 0 | T67: 0 | U67: 0 | V67: 1 | W67: 1 | X67: 0 | Y67: 0 | Z67: 0 | AA67: 0 | AB67: 0 | AC67: 0 | AD67: 0 | AE67: 0 | AF67: 0 | AG67: 4 | AH67: 0 | AI67: 0 | AJ67: 0 | AK67: 0 | AL67: 0 | AM67: 0 | AN67: 0 | AO67: 0 | AP67: 0 | AQ67: 4
B68: 雲林縣 | C68: 計 Total | D68: 88 | E68: 84 | F68: 1 | G68: 1 | H68: 2 | I68: 0 | J68: 0 | K68: 88 | L68: 4 | M68: 6 | N68: 38 | O68: 10 | P68: 10 | Q68: 8 | R68: 9 | S68: 1 | T68: 2 | U68: 0 | V68: 88 | W68: 78 | X68: 3 | Y68: 0 | Z68: 4 | AA68: 0 | AB68: 0 | AC68: 0 | AD68: 1 | AE68: 2 | AF68: 0 | AG68: 83 | AH68: 0 | AI68: 2 | AJ68: 15 | AK68: 10 | AL68: 9 | AM68: 14 | AN68: 9 | AO68: 4 | AP68: 2 | AQ68: 18
C69: 男 Male | D69: 8 | E69: 8 | F69: 0 | G69: 0 | H69: 0 | I69: 0 | J69: 0 | K69: 8 | L69: 0 | M69: 1 | N69: 6 | O69: 0 | P69: 0 | Q69: 1 | R69: 0 | S69: 0 | T69: 0 | U69: 0 | V69: 8 | W69: 7 | X69: 0 | Y69: 0 | Z69: 0 | AA69: 0 | AB69: 0 | AC69: 0 | AD69: 0 | AE69: 1 | AF69: 0 | AG69: 78 | AH69: 0 | AI69: 2 | AJ69: 12 | AK69: 10 | AL69: 9 | AM69: 14 | AN69: 9 | AO69: 4 | AP69: 2 | AQ69: 16
B70: Yunlin County | C70: 女 Female | D70: 80 | E70: 76 | F70: 1 | G70: 1 | H70: 2 | I70: 0 | J70: 0 | K70: 80 | L70: 4 | M70: 5 | N70: 32 | O70: 10 | P70: 10 | Q70: 7 | R70: 9 | S70: 1 | T70: 2 | U70: 0 | V70: 80 | W70: 71 | X70: 3 | Y70: 0 | Z70: 4 | AA70: 0 | AB70: 0 | AC70: 0 | AD70: 1 | AE70: 1 | AF70: 0 | AG70: 3 | AH70: 0 | AI70: 0 | AJ70: 3 | AK70: 0 | AL70: 0 | AM70: 0 | AN70: 0 | AO70: 0 | AP70: 0 | AQ70: 0
C71: 其他 Other | D71: 0 | E71: 0 | F71: 0 | G71: 0 | H71: 0 | I71: 0 | J71: 0 | K71: 0 | L71: 0 | M71: 0 | N71: 0 | O71: 0 | P71: 0 | Q71: 0 | R71: 0 | S71: 0 | T71: 0 | U71: 0 | V71: 0 | W71: 0 | X71: 0 | Y71: 0 | Z71: 0 | AA71: 0 | AB71: 0 | AC71: 0 | AD71: 0 | AE71: 0 | AF71: 0 | AG71: 0 | AH71: 0 | AI71: 0 | AJ71: 0 | AK71: 0 | AL71: 0 | AM71: 0 | AN71: 0 | AO71: 0 | AP71: 0 | AQ71: 0
C72: 不詳Unknown | D72: 0 | E72: 0 | F72: 0 | G72: 0 | H72: 0 | I72: 0 | J72: 0 | K72: 0 | L72: 0 | M72: 0 | N72: 0 | O72: 0 | P72: 0 | Q72: 0 | R72: 0 | S72: 0 | T72: 0 | U72: 0 | V72: 0 | W72: 0 | X72: 0 | Y72: 0 | Z72: 0 | AA72: 0 | AB72: 0 | AC72: 0 | AD72: 0 | AE72: 0 | AF72: 0 | AG72: 2 | AH72: 0 | AI72: 0 | AJ72: 0 | AK72: 0 | AL72: 0 | AM72: 0 | AN72: 0 | AO72: 0 | AP72: 0 | AQ72: 2
B73: 嘉義縣 | C73: 計 Total | D73: 64 | E73: 57 | F73: 5 | G73: 0 | H73: 1 | I73: 0 | J73: 1 | K73: 64 | L73: 1 | M73: 6 | N73: 23 | O73: 12 | P73: 7 | Q73: 7 | R73: 4 | S73: 3 | T73: 1 | U73: 0 | V73: 64 | W73: 55 | X73: 3 | Y73: 0 | Z73: 3 | AA73: 0 | AB73: 0 | AC73: 0 | AD73: 2 | AE73: 0 | AF73: 1 | AG73: 62 | AH73: 0 | AI73: 3 | AJ73: 13 | AK73: 9 | AL73: 8 | AM73: 8 | AN73: 8 | AO73: 4 | AP73: 2 | AQ73: 7
C74: 男 Male | D74: 10 | E74: 9 | F74: 1 | G74: 0 | H74: 0 | I74: 0 | J74: 0 | K74: 10 | L74: 0 | M74: 1 | N74: 6 | O74: 1 | P74: 0 | Q74: 0 | R74: 1 | S74: 1 | T74: 0 | U74: 0 | V74: 10 | W74: 10 | X74: 0 | Y74: 0 | Z74: 0 | AA74: 0 | AB74: 0 | AC74: 0 | AD74: 0 | AE74: 0 | AF74: 0 | AG74: 56 | AH74: 0 | AI74: 3 | AJ74: 9 | AK74: 9 | AL74: 8 | AM74: 7 | AN74: 8 | AO74: 4 | AP74: 2 | AQ74: 6
B75: Chiayi County | C75: 女 Female | D75: 54 | E75: 48 | F75: 4 | G75: 0 | H75: 1 | I75: 0 | J75: 1 | K75: 54 | L75: 1 | M75: 5 | N75: 17 | O75: 11 | P75: 7 | Q75: 7 | R75: 3 | S75: 2 | T75: 1 | U75: 0 | V75: 54 | W75: 45 | X75: 3 | Y75: 0 | Z75: 3 | AA75: 0 | AB75: 0 | AC75: 0 | AD75: 2 | AE75: 0 | AF75: 1 | AG75: 6 | AH75: 0 | AI75: 0 | AJ75: 4 | AK75: 0 | AL75: 0 | AM75: 1 | AN75: 0 | AO75: 0 | AP75: 0 | AQ75: 1
C76: 其他 Other | D76: 0 | E76: 0 | F76: 0 | G76: 0 | H76: 0 | I76: 0 | J76: 0 | K76: 0 | L76: 0 | M76: 0 | N76: 0 | O76: 0 | P76: 0 | Q76: 0 | R76: 0 | S76: 0 | T76: 0 | U76: 0 | V76: 0 | W76: 0 | X76: 0 | Y76: 0 | Z76: 0 | AA76: 0 | AB76: 0 | AC76: 0 | AD76: 0 | AE76: 0 | AF76: 0 | AG76: 0 | AH76: 0 | AI76: 0 | AJ76: 0 | AK76: 0 | AL76: 0 | AM76: 0 | AN76: 0 | AO76: 0 | AP76: 0 | AQ76: 0
C77: 不詳Unknown | D77: 0 | E77: 0 | F77: 0 | G77: 0 | H77: 0 | I77: 0 | J77: 0 | K77: 0 | L77: 0 | M77: 0 | N77: 0 | O77: 0 | P77: 0 | Q77: 0 | R77: 0 | S77: 0 | T77: 0 | U77: 0 | V77: 0 | W77: 0 | X77: 0 | Y77: 0 | Z77: 0 | AA77: 0 | AB77: 0 | AC77: 0 | AD77: 0 | AE77: 0 | AF77: 0 | AG77: 0 | AH77: 0 | AI77: 0 | AJ77: 0 | AK77: 0 | AL77: 0 | AM77: 0 | AN77: 0 | AO77: 0 | AP77: 0 | AQ77: 0
B78: 屏東縣 | C78: 計 Total | D78: 116 | E78: 100 | F78: 13 | G78: 0 | H78: 1 | I78: 0 | J78: 2 | K78: 116 | L78: 4 | M78: 11 | N78: 42 | O78: 24 | P78: 11 | Q78: 13 | R78: 5 | S78: 5 | T78: 1 | U78: 0 | V78: 116 | W78: 99 | X78: 7 | Y78: 0 | Z78: 4 | AA78: 0 | AB78: 1 | AC78: 0 | AD78: 2 | AE78: 0 | AF78: 3 | AG78: 101 | AH78: 0 | AI78: 1 | AJ78: 14 | AK78: 16 | AL78: 11 | AM78: 13 | AN78: 15 | AO78: 4 | AP78: 8 | AQ78: 19
C79: 男 Male | D79: 17 | E79: 15 | F79: 2 | G79: 0 | H79: 0 | I79: 0 | J79: 0 | K79: 17 | L79: 1 | M79: 3 | N79: 7 | O79: 2 | P79: 1 | Q79: 0 | R79: 1 | S79: 2 | T79: 0 | U79: 0 | V79: 17 | W79: 14 | X79: 1 | Y79: 0 | Z79: 1 | AA79: 0 | AB79: 0 | AC79: 0 | AD79: 1 | AE79: 0 | AF79: 0 | AG79: 92 | AH79: 0 | AI79: 1 | AJ79: 10 | AK79: 16 | AL79: 10 | AM79: 13 | AN79: 15 | AO79: 3 | AP79: 7 | AQ79: 17
B80: Pingtung County | C80: 女 Female | D80: 98 | E80: 84 | F80: 11 | G80: 0 | H80: 1 | I80: 0 | J80: 2 | K80: 98 | L80: 3 | M80: 8 | N80: 34 | O80: 22 | P80: 10 | Q80: 13 | R80: 4 | S80: 3 | T80: 1 | U80: 0 | V80: 98 | W80: 84 | X80: 6 | Y80: 0 | Z80: 3 | AA80: 0 | AB80: 1 | AC80: 0 | AD80: 1 | AE80: 0 | AF80: 3 | AG80: 8 | AH80: 0 | AI80: 0 | AJ80: 4 | AK80: 0 | AL80: 1 | AM80: 0 | AN80: 0 | AO80: 1 | AP80: 1 | AQ80: 1
C81: 其他 Other | D81: 0 | E81: 0 | F81: 0 | G81: 0 | H81: 0 | I81: 0 | J81: 0 | K81: 0 | L81: 0 | M81: 0 | N81: 0 | O81: 0 | P81: 0 | Q81: 0 | R81: 0 | S81: 0 | T81: 0 | U81: 0 | V81: 0 | W81: 0 | X81: 0 | Y81: 0 | Z81: 0 | AA81: 0 | AB81: 0 | AC81: 0 | AD81: 0 | AE81: 0 | AF81: 0 | AG81: 0 | AH81: 0 | AI81: 0 | AJ81: 0 | AK81: 0 | AL81: 0 | AM81: 0 | AN81: 0 | AO81: 0 | AP81: 0 | AQ81: 0
C82: 不詳Unknown | D82: 1 | E82: 1 | F82: 0 | G82: 0 | H82: 0 | I82: 0 | J82: 0 | K82: 1 | L82: 0 | M82: 0 | N82: 1 | O82: 0 | P82: 0 | Q82: 0 | R82: 0 | S82: 0 | T82: 0 | U82: 0 | V82: 1 | W82: 1 | X82: 0 | Y82: 0 | Z82: 0 | AA82: 0 | AB82: 0 | AC82: 0 | AD82: 0 | AE82: 0 | AF82: 0 | AG82: 1 | AH82: 0 | AI82: 0 | AJ82: 0 | AK82: 0 | AL82: 0 | AM82: 0 | AN82: 0 | AO82: 0 | AP82: 0 | AQ82: 1
B83: 臺東縣 | C83: 計 Total | D83: 56 | E83: 26 | F83: 29 | G83: 0 | H83: 1 | I83: 0 | J83: 0 | K83: 56 | L83: 2 | M83: 6 | N83: 28 | O83: 8 | P83: 5 | Q83: 4 | R83: 2 | S83: 1 | T83: 0 | U83: 0 | V83: 56 | W83: 50 | X83: 3 | Y83: 0 | Z83: 1 | AA83: 0 | AB83: 0 | AC83: 1 | AD83: 0 | AE83: 1 | AF83: 0 | AG83: 56 | AH83: 0 | AI83: 2 | AJ83: 16 | AK83: 5 | AL83: 5 | AM83: 10 | AN83: 2 | AO83: 5 | AP83: 2 | AQ83: 9
C84: 男 Male | D84: 10 | E84: 2 | F84: 8 | G84: 0 | H84: 0 | I84: 0 | J84: 0 | K84: 10 | L84: 0 | M84: 1 | N84: 7 | O84: 1 | P84: 0 | Q84: 0 | R84: 0 | S84: 1 | T84: 0 | U84: 0 | V84: 10 | W84: 9 | X84: 0 | Y84: 0 | Z84: 0 | AA84: 0 | AB84: 0 | AC84: 1 | AD84: 0 | AE84: 0 | AF84: 0 | AG84: 44 | AH84: 0 | AI84: 2 | AJ84: 8 | AK84: 5 | AL84: 5 | AM84: 9 | AN84: 2 | AO84: 5 | AP84: 2 | AQ84: 6
B85: Taitung County | C85: 女 Female | D85: 45 | E85: 23 | F85: 21 | G85: 0 | H85: 1 | I85: 0 | J85: 0 | K85: 45 | L85: 2 | M85: 5 | N85: 21 | O85: 6 | P85: 5 | Q85: 4 | R85: 2 | S85: 0 | T85: 0 | U85: 0 | V85: 45 | W85: 40 | X85: 3 | Y85: 0 | Z85: 1 | AA85: 0 | AB85: 0 | AC85: 0 | AD85: 0 | AE85: 1 | AF85: 0 | AG85: 9 | AH85: 0 | AI85: 0 | AJ85: 8 | AK85: 0 | AL85: 0 | AM85: 1 | AN85: 0 | AO85: 0 | AP85: 0 | AQ85: 0
C86: 其他 Other | D86: 0 | E86: 0 | F86: 0 | G86: 0 | H86: 0 | I86: 0 | J86: 0 | K86: 0 | L86: 0 | M86: 0 | N86: 0 | O86: 0 | P86: 0 | Q86: 0 | R86: 0 | S86: 0 | T86: 0 | U86: 0 | V86: 0 | W86: 0 | X86: 0 | Y86: 0 | Z86: 0 | AA86: 0 | AB86: 0 | AC86: 0 | AD86: 0 | AE86: 0 | AF86: 0 | AG86: 0 | AH86: 0 | AI86: 0 | AJ86: 0 | AK86: 0 | AL86: 0 | AM86: 0 | AN86: 0 | AO86: 0 | AP86: 0 | AQ86: 0
C87: 不詳Unknown | D87: 1 | E87: 1 | F87: 0 | G87: 0 | H87: 0 | I87: 0 | J87: 0 | K87: 1 | L87: 0 | M87: 0 | N87: 0 | O87: 1 | P87: 0 | Q87: 0 | R87: 0 | S87: 0 | T87: 0 | U87: 0 | V87: 1 | W87: 1 | X87: 0 | Y87: 0 | Z87: 0 | AA87: 0 | AB87: 0 | AC87: 0 | AD87: 0 | AE87: 0 | AF87: 0 | AG87: 3 | AH87: 0 | AI87: 0 | AJ87: 0 | AK87: 0 | AL87: 0 | AM87: 0 | AN87: 0 | AO87: 0 | AP87: 0 | AQ87: 3
B88: 花蓮縣 | C88: 計 Total | D88: 113 | E88: 47 | F88: 61 | G88: 0 | H88: 5 | I88: 0 | J88: 0 | K88: 113 | L88: 2 | M88: 14 | N88: 46 | O88: 17 | P88: 11 | Q88: 8 | R88: 10 | S88: 3 | T88: 2 | U88: 0 | V88: 113 | W88: 96 | X88: 8 | Y88: 0 | Z88: 4 | AA88: 0 | AB88: 0 | AC88: 1 | AD88: 2 | AE88: 2 | AF88: 0 | AG88: 109 | AH88: 0 | AI88: 5 | AJ88: 24 | AK88: 13 | AL88: 6 | AM88: 8 | AN88: 10 | AO88: 11 | AP88: 8 | AQ88: 24
C89: 男 Male | D89: 21 | E89: 12 | F89: 9 | G89: 0 | H89: 0 | I89: 0 | J89: 0 | K89: 21 | L89: 1 | M89: 5 | N89: 8 | O89: 2 | P89: 1 | Q89: 1 | R89: 2 | S89: 0 | T89: 1 | U89: 0 | V89: 21 | W89: 18 | X89: 0 | Y89: 0 | Z89: 1 | AA89: 0 | AB89: 0 | AC89: 0 | AD89: 2 | AE89: 0 | AF89: 0 | AG89: 95 | AH89: 0 | AI89: 4 | AJ89: 14 | AK89: 13 | AL89: 6 | AM89: 6 | AN89: 10 | AO89: 11 | AP89: 8 | AQ89: 23
B90: Hualien County | C90: 女 Female | D90: 92 | E90: 35 | F90: 52 | G90: 0 | H90: 5 | I90: 0 | J90: 0 | K90: 92 | L90: 1 | M90: 9 | N90: 38 | O90: 15 | P90: 10 | Q90: 7 | R90: 8 | S90: 3 | T90: 1 | U90: 0 | V90: 92 | W90: 78 | X90: 8 | Y90: 0 | Z90: 3 | AA90: 0 | AB90: 0 | AC90: 1 | AD90: 0 | AE90: 2 | AF90: 0 | AG90: 13 | AH90: 0 | AI90: 1 | AJ90: 10 | AK90: 0 | AL90: 0 | AM90: 2 | AN90: 0 | AO90: 0 | AP90: 0 | AQ90: 0
C91: 其他 Other | D91: 0 | E91: 0 | F91: 0 | G91: 0 | H91: 0 | I91: 0 | J91: 0 | K91: 0 | L91: 0 | M91: 0 | N91: 0 | O91: 0 | P91: 0 | Q91: 0 | R91: 0 | S91: 0 | T91: 0 | U91: 0 | V91: 0 | W91: 0 | X91: 0 | Y91: 0 | Z91: 0 | AA91: 0 | AB91: 0 | AC91: 0 | AD91: 0 | AE91: 0 | AF91: 0 | AG91: 0 | AH91: 0 | AI91: 0 | AJ91: 0 | AK91: 0 | AL91: 0 | AM91: 0 | AN91: 0 | AO91: 0 | AP91: 0 | AQ91: 0
C92: 不詳Unknown | D92: 0 | E92: 0 | F92: 0 | G92: 0 | H92: 0 | I92: 0 | J92: 0 | K92: 0 | L92: 0 | M92: 0 | N92: 0 | O92: 0 | P92: 0 | Q92: 0 | R92: 0 | S92: 0 | T92: 0 | U92: 0 | V92: 0 | W92: 0 | X92: 0 | Y92: 0 | Z92: 0 | AA92: 0 | AB92: 0 | AC92: 0 | AD92: 0 | AE92: 0 | AF92: 0 | AG92: 1 | AH92: 0 | AI92: 0 | AJ92: 0 | AK92: 0 | AL92: 0 | AM92: 0 | AN92: 0 | AO92: 0 | AP92: 0 | AQ92: 1
B93: 澎湖縣 | C93: 計 Total | D93: 8 | E93: 7 | F93: 1 | G93: 0 | H93: 0 | I93: 0 | J93: 0 | K93: 8 | L93: 0 | M93: 0 | N93: 3 | O93: 0 | P93: 0 | Q93: 1 | R93: 3 | S93: 1 | T93: 0 | U93: 0 | V93: 8 | W93: 7 | X93: 0 | Y93: 0 | Z93: 1 | AA93: 0 | AB93: 0 | AC93: 0 | AD93: 0 | AE93: 0 | AF93: 0 | AG93: 6 | AH93: 0 | AI93: 0 | AJ93: 0 | AK93: 0 | AL93: 0 | AM93: 1 | AN93: 4 | AO93: 0 | AP93: 1 | AQ93: 0
C94: 男 Male | D94: 2 | E94: 2 | F94: 0 | G94: 0 | H94: 0 | I94: 0 | J94: 0 | K94: 2 | L94: 0 | M94: 0 | N94: 2 | O94: 0 | P94: 0 | Q94: 0 | R94: 0 | S94: 0 | T94: 0 | U94: 0 | V94: 2 | W94: 2 | X94: 0 | Y94: 0 | Z94: 0 | AA94: 0 | AB94: 0 | AC94: 0 | AD94: 0 | AE94: 0 | AF94: 0 | AG94: 6 | AH94: 0 | AI94: 0 | AJ94: 0 | AK94: 0 | AL94: 0 | AM94: 1 | AN94: 4 | AO94: 0 | AP94: 1 | AQ94: 0
B95: Penghu County | C95: 女 Female | D95: 6 | E95: 5 | F95: 1 | G95: 0 | H95: 0 | I95: 0 | J95: 0 | K95: 6 | L95: 0 | M95: 0 | N95: 1 | O95: 0 | P95: 0 | Q95: 1 | R95: 3 | S95: 1 | T95: 0 | U95: 0 | V95: 6 | W95: 5 | X95: 0 | Y95: 0 | Z95: 1 | AA95: 0 | AB95: 0 | AC95: 0 | AD95: 0 | AE95: 0 | AF95: 0 | AG95: 0 | AH95: 0 | AI95: 0 | AJ95: 0 | AK95: 0 | AL95: 0 | AM95: 0 | AN95: 0 | AO95: 0 | AP95: 0 | AQ95: 0
C96: 其他 Other | D96: 0 | E96: 0 | F96: 0 | G96: 0 | H96: 0 | I96: 0 | J96: 0 | K96: 0 | L96: 0 | M96: 0 | N96: 0 | O96: 0 | P96: 0 | Q96: 0 | R96: 0 | S96: 0 | T96: 0 | U96: 0 | V96: 0 | W96: 0 | X96: 0 | Y96: 0 | Z96: 0 | AA96: 0 | AB96: 0 | AC96: 0 | AD96: 0 | AE96: 0 | AF96: 0 | AG96: 0 | AH96: 0 | AI96: 0 | AJ96: 0 | AK96: 0 | AL96: 0 | AM96: 0 | AN96: 0 | AO96: 0 | AP96: 0 | AQ96: 0
C97: 不詳Unknown | D97: 0 | E97: 0 | F97: 0 | G97: 0 | H97: 0 | I97: 0 | J97: 0 | K97: 0 | L97: 0 | M97: 0 | N97: 0 | O97: 0 | P97: 0 | Q97: 0 | R97: 0 | S97: 0 | T97: 0 | U97: 0 | V97: 0 | W97: 0 | X97: 0 | Y97: 0 | Z97: 0 | AA97: 0 | AB97: 0 | AC97: 0 | AD97: 0 | AE97: 0 | AF97: 0 | AG97: 0 | AH97: 0 | AI97: 0 | AJ97: 0 | AK97: 0 | AL97: 0 | AM97: 0 | AN97: 0 | AO97: 0 | AP97: 0 | AQ97: 0
B98: 基隆市 | C98: 計 Total | D98: 76 | E98: 64 | F98: 6 | G98: 0 | H98: 0 | I98: 0 | J98: 6 | K98: 76 | L98: 1 | M98: 4 | N98: 44 | O98: 9 | P98: 5 | Q98: 6 | R98: 4 | S98: 2 | T98: 0 | U98: 1 | V98: 76 | W98: 61 | X98: 6 | Y98: 0 | Z98: 3 | AA98: 0 | AB98: 0 | AC98: 1 | AD98: 3 | AE98: 1 | AF98: 1 | AG98: 61 | AH98: 0 | AI98: 1 | AJ98: 17 | AK98: 8 | AL98: 4 | AM98: 4 | AN98: 6 | AO98: 3 | AP98: 1 | AQ98: 17
C99: 男 Male | D99: 10 | E99: 9 | F99: 1 | G99: 0 | H99: 0 | I99: 0 | J99: 0 | K99: 10 | L99: 0 | M99: 1 | N99: 8 | O99: 0 | P99: 1 | Q99: 0 | R99: 0 | S99: 0 | T99: 0 | U99: 0 | V99: 10 | W99: 9 | X99: 0 | Y99: 0 | Z99: 0 | AA99: 0 | AB99: 0 | AC99: 0 | AD99: 1 | AE99: 0 | AF99: 0 | AG99: 52 | AH99: 0 | AI99: 1 | AJ99: 12 | AK99: 8 | AL99: 4 | AM99: 4 | AN99: 6 | AO99: 3 | AP99: 1 | AQ99: 13
B100: Keelung City | C100: 女 Female | D100: 66 | E100: 55 | F100: 5 | G100: 0 | H100: 0 | I100: 0 | J100: 6 | K100: 66 | L100: 1 | M100: 3 | N100: 36 | O100: 9 | P100: 4 | Q100: 6 | R100: 4 | S100: 2 | T100: 0 | U100: 1 | V100: 66 | W100: 52 | X100: 6 | Y100: 0 | Z100: 3 | AA100: 0 | AB100: 0 | AC100: 1 | AD100: 2 | AE100: 1 | AF100: 1 | AG100: 5 | AH100: 0 | AI100: 0 | AJ100: 5 | AK100: 0 | AL100: 0 | AM100: 0 | AN100: 0 | AO100: 0 | AP100: 0 | AQ100: 0
...

Sheet Jan.-June.,2025
A1: 性侵害事件通報被害及嫌疑人概況 Overview of Victim and Offender Status in Reporting Sexual Assault Cases
A2: 114年上半年 Jan.-June.,2025
A3: 單位：人 unit:Person
A4: 區域別 | C4: 性別 | D4: 性侵害被害人統計 Statistics of Sexual Assault Victims | AG4: 性侵害嫌疑人年齡統計 Statistics of Age of Sexual Assault Offenders
D5: 國籍、身分別 By Nationality and Identity | K5: 年齡別 By Age | V5: 身心障礙別 By Disability | AG5: 年齡別 By Age
D6: 合計 | E6: 本國籍 非原住民 | F6: 本國籍 原住民 | G6: 大陸及 港澳籍 | H6: 外國籍 | I6: 無國籍 | J6: 資料 不明 | K6: 合計 | L6: 0-未滿6歲 | M6: 6-未滿12歲 | N6: 12-未滿18歲 | O6: 18-未滿24歲 | P6: 24-未滿30歲 | Q6: 30-未滿40歲 | R6: 40-未滿50歲 | S6: 50-未滿65歲 | T6: 65歲 以上 | U6: 不詳 | V6: 合計 | W6: 非身心 障礙 | X6: 智障 | Y6: 視障 | Z6: 精神 病患 | AA6: 聲(語)障 | AB6: 聽障 | AC6: 肢障 | AD6: 多重 障礙 | AE6: 其他 障礙 | AF6: 不詳 | AG6: 合計 | AH6: 0-未滿6歲 | AI6: 6-未滿12歲 | AJ6: 12-未滿18歲 | AK6: 18-未滿24歲 | AL6: 24-未滿30歲 | AM6: 30-未滿40歲 | AN6: 40-未滿50歲 | AO6: 50-未滿65歲 | AP6: 65歲 以上 | AQ6: 不詳
A7: Locality | C7: Gender | D7: Total | E7: Non-Indigenous Native | F7: Indigenous Native | G7: Mainland China and Hong Kong and Macau | H7: Foreign | I7: Stateless | J7: Unknown Information | K7: Total | L7: Under 6 Years | M7: 6-Under 12 Years | N7: 12-Under 18 Years | O7: 18-Under 24 Years | P7: 24-Under 30 Years | Q7: 30-Under 40 Years | R7: 40-Under 50 Years | S7: 50-Under 65 Years | T7: Above 65 Years | U7: Unknown | V7: Total | W7: Not Disability | X7: Intellectually Disabled | Y7: Vision | Z7: Mentally Illed | AA7: Voice | AB7: Hearing | AC7: Physically Impaired | AD7: Multiple | AE7: Other | AF7: Unknown | AG7: Total | AH7: Under 6 Years | AI7: 6-Under 12 Years | AJ7: 12-Under 18 Years | AK7: 18-Under 2 Years | AL7: 24-Under 30 Years | AM7: 30-Under 40 Years | AN7: 40-Under 50 Years | AO7: 50-Under 65 Years | AP7: Above 65 Years | AQ7: Unknown
A8: 總計 | C8: 計 Total | D8: 5060 | E8: 4444 | F8: 409 | G8: 14 | H8: 83 | I8: 1 | J8: 109 | K8: 5060 | L8: 123 | M8: 405 | N8: 2135 | O8: 702 | P8: 549 | Q8: 594 | R8: 343 | S8: 144 | T8: 34 | U8: 31 | V8: 5060 | W8: 4544 | X8: 164 | Y8: 6 | Z8: 150 | AA8: 2 | AB8: 8 | AC8: 22 | AD8: 37 | AE8: 56 | AF8: 71 | AG8: 4571 | AH8: 9 | AI8: 108 | AJ8: 989 | AK8: 533 | AL8: 316 | AM8: 462 | AN8: 411 | AO8: 333 | AP8: 146 | AQ8: 1264
C9: 男 Male | D9: 903 | E9: 798 | F9: 76 | G9: 1 | H9: 8 | I9: 1 | J9: 19 | K9: 903 | L9: 28 | M9: 127 | N9: 509 | O9: 83 | P9: 57 | Q9: 64 | R9: 20 | S9: 8 | T9: 3 | U9: 4 | V9: 903 | W9: 811 | X9: 30 | Y9: 4 | Z9: 16 | AA9: 0 | AB9: 2 | AC9: 6 | AD9: 10 | AE9: 15 | AF9: 9 | AG9: 3977 | AH9: 9 | AI9: 85 | AJ9: 691 | AK9: 513 | AL9: 304 | AM9: 443 | AN9: 398 | AO9: 325 | AP9: 141 | AQ9: 1068
A10: Total | C10: 女 Female | D10: 4139 | E10: 3636 | F10: 332 | G10: 13 | H10: 75 | I10: 0 | J10: 83 | K10: 4139 | L10: 95 | M10: 277 | N10: 1615 | O10: 618 | P10: 491 | Q10: 529 | R10: 323 | S10: 136 | T10: 31 | U10: 24 | V10: 4139 | W10: 3721 | X10: 134 | Y10: 2 | Z10: 134 | AA10: 2 | AB10: 6 | AC10: 16 | AD10: 27 | AE10: 39 | AF10: 58 | AG10: 458 | AH10: 0 | AI10: 23 | AJ10: 292 | AK10: 19 | AL10: 12 | AM10: 19 | AN10: 11 | AO10: 8 | AP10: 5 | AQ10: 69
C11: 其他 Other | D11: 2 | E11: 2 | F11: 0 | G11: 0 | H11: 0 | I11: 0 | J11: 0 | K11: 2 | L11: 0 | M11: 0 | N11: 0 | O11: 1 | P11: 0 | Q11: 1 | R11: 0 | S11: 0 | T11: 0 | U11: 0 | V11: 2 | W11: 1 | X11: 0 | Y11: 0 | Z11: 0 | AA11: 0 | AB11: 0 | AC11: 0 | AD11: 0 | AE11: 1 | AF11: 0 | AG11: 0 | AH11: 0 | AI11: 0 | AJ11: 0 | AK11: 0 | AL11: 0 | AM11: 0 | AN11: 0 | AO11: 0 | AP11: 0 | AQ11: 0
C12: 不詳Unknown | D12: 16 | E12: 8 | F12: 1 | G12: 0 | H12: 0 | I12: 0 | J12: 7 | K12: 16 | L12: 0 | M12: 1 | N12: 11 | O12: 0 | P12: 1 | Q12: 0 | R12: 0 | S12: 0 | T12: 0 | U12: 3 | V12: 16 | W12: 11 | X12: 0 | Y12: 0 | Z12: 0 | AA12: 0 | AB12: 0 | AC12: 0 | AD12: 0 | AE12: 1 | AF12: 4 | AG12: 136 | AH12: 0 | AI12: 0 | AJ12: 6 | AK12: 1 | AL12: 0 | AM12: 0 | AN12: 2 | AO12: 0 | AP12: 0 | AQ12: 127
A13: 新北市 | C13: 計 Total | D13: 954 | E13: 866 | F13: 36 | G13: 1 | H13: 11 | I13: 1 | J13: 39 | K13: 954 | L13: 24 | M13: 80 | N13: 431 | O13: 118 | P13: 101 | Q13: 108 | R13: 52 | S13: 19 | T13: 9 | U13: 12 | V13: 954 | W13: 849 | X13: 26 | Y13: 1 | Z13: 30 | AA13: 1 | AB13: 2 | AC13: 4 | AD13: 8 | AE13: 14 | AF13: 19 | AG13: 879 | AH13: 4 | AI13: 23 | AJ13: 194 | AK13: 86 | AL13: 43 | AM13: 83 | AN13: 69 | AO13: 52 | AP13: 32 | AQ13: 293
C14: 男 Male | D14: 167 | E14: 148 | F14: 10 | G14: 0 | H14: 1 | I14: 1 | J14: 7 | K14: 167 | L14: 5 | M14: 19 | N14: 100 | O14: 15 | P14: 10 | Q14: 8 | R14: 6 | S14: 1 | T14: 1 | U14: 2 | V14: 167 | W14: 146 | X14: 7 | Y14: 1 | Z14: 2 | AA14: 0 | AB14: 0 | AC14: 0 | AD14: 2 | AE14: 5 | AF14: 4 | AG14: 754 | AH14: 4 | AI14: 17 | AJ14: 130 | AK14: 82 | AL14: 42 | AM14: 81 | AN14: 65 | AO14: 52 | AP14: 30 | AQ14: 251
A15: New Taipei City | C15: 女 Female | D15: 783 | E15: 714 | F15: 26 | G15: 1 | H15: 10 | I15: 0 | J15: 32 | K15: 783 | L15: 19 | M15: 61 | N15: 329 | O15: 102 | P15: 91 | Q15: 99 | R15: 46 | S15: 18 | T15: 8 | U15: 10 | V15: 783 | W15: 700 | X15: 19 | Y15: 0 | Z15: 28 | AA15: 1 | AB15: 2 | AC15: 4 | AD15: 6 | AE15: 8 | AF15: 15 | AG15: 102 | AH15: 0 | AI15: 6 | AJ15: 63 | AK15: 4 | AL15: 1 | AM15: 2 | AN15: 4 | AO15: 0 | AP15: 2 | AQ15: 20
C16: 其他 Other | D16: 2 | E16: 2 | F16: 0 | G16: 0 | H16: 0 | I16: 0 | J16: 0 | K16: 2 | L16: 0 | M16: 0 | N16: 0 | O16: 1 | P16: 0 | Q16: 1 | R16: 0 | S16: 0 | T16: 0 | U16: 0 | V16: 2 | W16: 1 | X16: 0 | Y16: 0 | Z16: 0 | AA16: 0 | AB16: 0 | AC16: 0 | AD16: 0 | AE16: 1 | AF16: 0 | AG16: 0 | AH16: 0 | AI16: 0 | AJ16: 0 | AK16: 0 | AL16: 0 | AM16: 0 | AN16: 0 | AO16: 0 | AP16: 0 | AQ16: 0
C17: 不詳Unknown | D17: 2 | E17: 2 | F17: 0 | G17: 0 | H17: 0 | I17: 0 | J17: 0 | K17: 2 | L17: 0 | M17: 0 | N17: 2 | O17: 0 | P17: 0 | Q17: 0 | R17: 0 | S17: 0 | T17: 0 | U17: 0 | V17: 2 | W17: 2 | X17: 0 | Y17: 0 | Z17: 0 | AA17: 0 | AB17: 0 | AC17: 0 | AD17: 0 | AE17: 0 | AF17: 0 | AG17: 23 | AH17: 0 | AI17: 0 | AJ17: 1 | AK17: 0 | AL17: 0 | AM17: 0 | AN17: 0 | AO17: 0 | AP17: 0 | AQ17: 22
A18: 臺北市 | C18: 計 Total | D18: 523 | E18: 478 | F18: 7 | G18: 1 | H18: 17 | I18: 0 | J18: 20 | K18: 523 | L18: 12 | M18: 41 | N18: 128 | O18: 108 | P18: 79 | Q18: 87 | R18: 41 | S18: 18 | T18: 1 | U18: 8 | V18: 523 | W18: 458 | X18: 7 | Y18: 2 | Z18: 17 | AA18: 0 | AB18: 0 | AC18: 3 | AD18: 4 | AE18: 9 | AF18: 23 | AG18: 399 | AH18: 1 | AI18: 18 | AJ18: 52 | AK18: 39 | AL18: 31 | AM18: 39 | AN18: 31 | AO18: 26 | AP18: 7 | AQ18: 155
C19: 男 Male | D19: 89 | E19: 83 | F19: 0 | G19: 1 | H19: 4 | I19: 0 | J19: 1 | K19: 89 | L19: 2 | M19: 21 | N19: 26 | O19: 12 | P19: 10 | Q19: 14 | R19: 1 | S19: 2 | T19: 0 | U19: 1 | V19: 89 | W19: 77 | X19: 2 | Y19: 1 | Z19: 1 | AA19: 0 | AB19: 0 | AC19: 2 | AD19: 1 | AE19: 2 | AF19: 3 | AG19: 356 | AH19: 1 | AI19: 13 | AJ19: 39 | AK19: 35 | AL19: 29 | AM19: 37 | AN19: 29 | AO19: 25 | AP19: 7 | AQ19: 141
A20: Taipei City | C20: 女 Female | D20: 431 | E20: 394 | F20: 7 | G20: 0 | H20: 13 | I20: 0 | J20: 17 | K20: 431 | L20: 10 | M20: 20 | N20: 102 | O20: 96 | P20: 68 | Q20: 73 | R20: 40 | S20: 16 | T20: 1 | U20: 5 | V20: 431 | W20: 381 | X20: 5 | Y20: 1 | Z20: 16 | AA20: 0 | AB20: 0 | AC20: 1 | AD20: 3 | AE20: 7 | AF20: 17 | AG20: 31 | AH20: 0 | AI20: 5 | AJ20: 13 | AK20: 3 | AL20: 2 | AM20: 2 | AN20: 1 | AO20: 1 | AP20: 0 | AQ20: 4
C21: 其他 Other | D21: 0 | E21: 0 | F21: 0 | G21: 0 | H21: 0 | I21: 0 | J21: 0 | K21: 0 | L21: 0 | M21: 0 | N21: 0 | O21: 0 | P21: 0 | Q21: 0 | R21: 0 | S21: 0 | T21: 0 | U21: 0 | V21: 0 | W21: 0 | X21: 0 | Y21: 0 | Z21: 0 | AA21: 0 | AB21: 0 | AC21: 0 | AD21: 0 | AE21: 0 | AF21: 0 | AG21: 0 | AH21: 0 | AI21: 0 | AJ21: 0 | AK21: 0 | AL21: 0 | AM21: 0 | AN21: 0 | AO21: 0 | AP21: 0 | AQ21: 0
C22: 不詳Unknown | D22: 3 | E22: 1 | F22: 0 | G22: 0 | H22: 0 | I22: 0 | J22: 2 | K22: 3 | L22: 0 | M22: 0 | N22: 0 | O22: 0 | P22: 1 | Q22: 0 | R22: 0 | S22: 0 | T22: 0 | U22: 2 | V22: 3 | W22: 0 | X22: 0 | Y22: 0 | Z22: 0 | AA22: 0 | AB22: 0 | AC22: 0 | AD22: 0 | AE22: 0 | AF22: 3 | AG22: 12 | AH22: 0 | AI22: 0 | AJ22: 0 | AK22: 1 | AL22: 0 | AM22: 0 | AN22: 1 | AO22: 0 | AP22: 0 | AQ22: 10
A23: 桃園市 | C23: 計 Total | D23: 557 | E23: 478 | F23: 59 | G23: 3 | H23: 15 | I23: 0 | J23: 2 | K23: 557 | L23: 9 | M23: 32 | N23: 243 | O23: 81 | P23: 70 | Q23: 65 | R23: 45 | S23: 9 | T23: 3 | U23: 0 | V23: 557 | W23: 512 | X23: 21 | Y23: 0 | Z23: 11 | AA23: 0 | AB23: 3 | AC23: 1 | AD23: 2 | AE23: 3 | AF23: 4 | AG23: 548 | AH23: 1 | AI23: 10 | AJ23: 105 | AK23: 65 | AL23: 46 | AM23: 56 | AN23: 48 | AO23: 35 | AP23: 12 | AQ23: 170
C24: 男 Male | D24: 88 | E24: 76 | F24: 11 | G24: 0 | H24: 1 | I24: 0 | J24: 0 | K24: 88 | L24: 3 | M24: 7 | N24: 53 | O24: 12 | P24: 5 | Q24: 6 | R24: 1 | S24: 1 | T24: 0 | U24: 0 | V24: 88 | W24: 81 | X24: 3 | Y24: 0 | Z24: 1 | AA24: 0 | AB24: 1 | AC24: 0 | AD24: 0 | AE24: 2 | AF24: 0 | AG24: 494 | AH24: 1 | AI24: 9 | AJ24: 79 | AK24: 64 | AL24: 46 | AM24: 54 | AN24: 47 | AO24: 35 | AP24: 11 | AQ24: 148
A25: Taoyuan City | C25: 女 Female | D25: 468 | E25: 401 | F25: 48 | G25: 3 | H25: 14 | I25: 0 | J25: 2 | K25: 468 | L25: 6 | M25: 25 | N25: 189 | O25: 69 | P25: 65 | Q25: 59 | R25: 44 | S25: 8 | T25: 3 | U25: 0 | V25: 468 | W25: 430 | X25: 18 | Y25: 0 | Z25: 10 | AA25: 0 | AB25: 2 | AC25: 1 | AD25: 2 | AE25: 1 | AF25: 4 | AG25: 41 | AH25: 0 | AI25: 1 | AJ25: 26 | AK25: 1 | AL25: 0 | AM25: 2 | AN25: 1 | AO25: 0 | AP25: 1 | AQ25: 9
C26: 其他 Other | D26: 0 | E26: 0 | F26: 0 | G26: 0 | H26: 0 | I26: 0 | J26: 0 | K26: 0 | L26: 0 | M26: 0 | N26: 0 | O26: 0 | P26: 0 | Q26: 0 | R26: 0 | S26: 0 | T26: 0 | U26: 0 | V26: 0 | W26: 0 | X26: 0 | Y26: 0 | Z26: 0 | AA26: 0 | AB26: 0 | AC26: 0 | AD26: 0 | AE26: 0 | AF26: 0 | AG26: 0 | AH26: 0 | AI26: 0 | AJ26: 0 | AK26: 0 | AL26: 0 | AM26: 0 | AN26: 0 | AO26: 0 | AP26: 0 | AQ26: 0
C27: 不詳Unknown | D27: 1 | E27: 1 | F27: 0 | G27: 0 | H27: 0 | I27: 0 | J27: 0 | K27: 1 | L27: 0 | M27: 0 | N27: 1 | O27: 0 | P27: 0 | Q27: 0 | R27: 0 | S27: 0 | T27: 0 | U27: 0 | V27: 1 | W27: 1 | X27: 0 | Y27: 0 | Z27: 0 | AA27: 0 | AB27: 0 | AC27: 0 | AD27: 0 | AE27: 0 | AF27: 0 | AG27: 13 | AH27: 0 | AI27: 0 | AJ27: 0 | AK27: 0 | AL27: 0 | AM27: 0 | AN27: 0 | AO27: 0 | AP27: 0 | AQ27: 13
A28: 臺中市 | C28: 計 Total | D28: 685 | E28: 611 | F28: 38 | G28: 2 | H28: 10 | I28: 0 | J28: 24 | K28: 685 | L28: 15 | M28: 33 | N28: 244 | O28: 119 | P28: 93 | Q28: 102 | R28: 56 | S28: 20 | T28: 1 | U28: 2 | V28: 685 | W28: 616 | X28: 21 | Y28: 0 | Z28: 27 | AA28: 0 | AB28: 1 | AC28: 5 | AD28: 4 | AE28: 4 | AF28: 7 | AG28: 622 | AH28: 0 | AI28: 8 | AJ28: 124 | AK28: 64 | AL28: 48 | AM28: 63 | AN28: 58 | AO28: 46 | AP28: 18 | AQ28: 193
C29: 男 Male | D29: 107 | E29: 94 | F29: 7 | G29: 0 | H29: 0 | I29: 0 | J29: 6 | K29: 107 | L29: 3 | M29: 11 | N29: 62 | O29: 9 | P29: 9 | Q29: 9 | R29: 4 | S29: 0 | T29: 0 | U29: 0 | V29: 107 | W29: 100 | X29: 3 | Y29: 0 | Z29: 2 | AA29: 0 | AB29: 0 | AC29: 1 | AD29: 1 | AE29: 0 | AF29: 0 | AG29: 545 | AH29: 0 | AI29: 6 | AJ29: 92 | AK29: 63 | AL29: 46 | AM29: 61 | AN29: 57 | AO29: 44 | AP29: 17 | AQ29: 159
A30: Taichung City | C30: 女 Female | D30: 571 | E30: 515 | F30: 30 | G30: 2 | H30: 10 | I30: 0 | J30: 14 | K30: 571 | L30: 12 | M30: 22 | N30: 176 | O30: 110 | P30: 84 | Q30: 93 | R30: 52 | S30: 20 | T30: 1 | U30: 1 | V30: 571 | W30: 511 | X30: 18 | Y30: 0 | Z30: 25 | AA30: 0 | AB30: 1 | AC30: 4 | AD30: 3 | AE30: 3 | AF30: 6 | AG30: 48 | AH30: 0 | AI30: 2 | AJ30: 29 | AK30: 1 | AL30: 2 | AM30: 2 | AN30: 1 | AO30: 2 | AP30: 1 | AQ30: 8
C31: 其他 Other | D31: 0 | E31: 0 | F31: 0 | G31: 0 | H31: 0 | I31: 0 | J31: 0 | K31: 0 | L31: 0 | M31: 0 | N31: 0 | O31: 0 | P31: 0 | Q31: 0 | R31: 0 | S31: 0 | T31: 0 | U31: 0 | V31: 0 | W31: 0 | X31: 0 | Y31: 0 | Z31: 0 | AA31: 0 | AB31: 0 | AC31: 0 | AD31: 0 | AE31: 0 | AF31: 0 | AG31: 0 | AH31: 0 | AI31: 0 | AJ31: 0 | AK31: 0 | AL31: 0 | AM31: 0 | AN31: 0 | AO31: 0 | AP31: 0 | AQ31: 0
C32: 不詳Unknown | D32: 7 | E32: 2 | F32: 1 | G32: 0 | H32: 0 | I32: 0 | J32: 4 | K32: 7 | L32: 0 | M32: 0 | N32: 6 | O32: 0 | P32: 0 | Q32: 0 | R32: 0 | S32: 0 | T32: 0 | U32: 1 | V32: 7 | W32: 5 | X32: 0 | Y32: 0 | Z32: 0 | AA32: 0 | AB32: 0 | AC32: 0 | AD32: 0 | AE32: 1 | AF32: 1 | AG32: 29 | AH32: 0 | AI32: 0 | AJ32: 3 | AK32: 0 | AL32: 0 | AM32: 0 | AN32: 0 | AO32: 0 | AP32: 0 | AQ32: 26
A33: 臺南市 | C33: 計 Total | D33: 376 | E33: 362 | F33: 9 | G33: 1 | H33: 3 | I33: 0 | J33: 1 | K33: 376 | L33: 12 | M33: 27 | N33: 139 | O33: 47 | P33: 48 | Q33: 45 | R33: 31 | S33: 20 | T33: 5 | U33: 2 | V33: 376 | W33: 339 | X33: 11 | Y33: 1 | Z33: 10 | AA33: 0 | AB33: 0 | AC33: 4 | AD33: 2 | AE33: 7 | AF33: 2 | AG33: 359 | AH33: 1 | AI33: 11 | AJ33: 72 | AK33: 54 | AL33: 32 | AM33: 41 | AN33: 39 | AO33: 34 | AP33: 17 | AQ33: 58
C34: 男 Male | D34: 70 | E34: 67 | F34: 2 | G34: 0 | H34: 1 | I34: 0 | J34: 0 | K34: 70 | L34: 4 | M34: 11 | N34: 36 | O34: 5 | P34: 4 | Q34: 7 | R34: 2 | S34: 1 | T34: 0 | U34: 0 | V34: 70 | W34: 63 | X34: 2 | Y34: 0 | Z34: 1 | AA34: 0 | AB34: 0 | AC34: 1 | AD34: 1 | AE34: 2 | AF34: 0 | AG34: 319 | AH34: 1 | AI34: 7 | AJ34: 53 | AK34: 53 | AL34: 28 | AM34: 39 | AN34: 38 | AO34: 33 | AP34: 16 | AQ34: 51
A35: Tainan City | C35: 女 Female | D35: 306 | E35: 295 | F35: 7 | G35: 1 | H35: 2 | I35: 0 | J35: 1 | K35: 306 | L35: 8 | M35: 16 | N35: 103 | O35: 42 | P35: 44 | Q35: 38 | R35: 29 | S35: 19 | T35: 5 | U35: 2 | V35: 306 | W35: 276 | X35: 9 | Y35: 1 | Z35: 9 | AA35: 0 | AB35: 0 | AC35: 3 | AD35: 1 | AE35: 5 | AF35: 2 | AG35: 34 | AH35: 0 | AI35: 4 | AJ35: 19 | AK35: 1 | AL35: 4 | AM35: 2 | AN35: 1 | AO35: 1 | AP35: 1 | AQ35: 1
C36: 其他 Other | D36: 0 | E36: 0 | F36: 0 | G36: 0 | H36: 0 | I36: 0 | J36: 0 | K36: 0 | L36: 0 | M36: 0 | N36: 0 | O36: 0 | P36: 0 | Q36: 0 | R36: 0 | S36: 0 | T36: 0 | U36: 0 | V36: 0 | W36: 0 | X36: 0 | Y36: 0 | Z36: 0 | AA36: 0 | AB36: 0 | AC36: 0 | AD36: 0 | AE36: 0 | AF36: 0 | AG36: 0 | AH36: 0 | AI36: 0 | AJ36: 0 | AK36: 0 | AL36: 0 | AM36: 0 | AN36: 0 | AO36: 0 | AP36: 0 | AQ36: 0
C37: 不詳Unknown | D37: 0 | E37: 0 | F37: 0 | G37: 0 | H37: 0 | I37: 0 | J37: 0 | K37: 0 | L37: 0 | M37: 0 | N37: 0 | O37: 0 | P37: 0 | Q37: 0 | R37: 0 | S37: 0 | T37: 0 | U37: 0 | V37: 0 | W37: 0 | X37: 0 | Y37: 0 | Z37: 0 | AA37: 0 | AB37: 0 | AC37: 0 | AD37: 0 | AE37: 0 | AF37: 0 | AG37: 6 | AH37: 0 | AI37: 0 | AJ37: 0 | AK37: 0 | AL37: 0 | AM37: 0 | AN37: 0 | AO37: 0 | AP37: 0 | AQ37: 6
A38: 高雄市 | C38: 計 Total | D38: 531 | E38: 492 | F38: 28 | G38: 0 | H38: 10 | I38: 0 | J38: 1 | K38: 531 | L38: 10 | M38: 36 | N38: 237 | O38: 79 | P38: 52 | Q38: 66 | R38: 32 | S38: 18 | T38: 1 | U38: 0 | V38: 531 | W38: 477 | X38: 19 | Y38: 1 | Z38: 16 | AA38: 1 | AB38: 0 | AC38: 3 | AD38: 5 | AE38: 5 | AF38: 4 | AG38: 474 | AH38: 0 | AI38: 6 | AJ38: 118 | AK38: 52 | AL38: 26 | AM38: 55 | AN38: 46 | AO38: 46 | AP38: 13 | AQ38: 112
C39: 男 Male | D39: 93 | E39: 92 | F39: 1 | G39: 0 | H39: 0 | I39: 0 | J39: 0 | K39: 93 | L39: 4 | M39: 7 | N39: 59 | O39: 8 | P39: 8 | Q39: 6 | R39: 0 | S39: 1 | T39: 0 | U39: 0 | V39: 93 | W39: 82 | X39: 3 | Y39: 1 | Z39: 2 | AA39: 0 | AB39: 0 | AC39: 2 | AD39: 2 | AE39: 1 | AF39: 0 | AG39: 404 | AH39: 0 | AI39: 6 | AJ39: 75 | AK39: 51 | AL39: 26 | AM39: 52 | AN39: 45 | AO39: 43 | AP39: 13 | AQ39: 93
A40: Kaohsiung City | C40: 女 Female | D40: 438 | E40: 400 | F40: 27 | G40: 0 | H40: 10 | I40: 0 | J40: 1 | K40: 438 | L40: 6 | M40: 29 | N40: 178 | O40: 71 | P40: 44 | Q40: 60 | R40: 32 | S40: 17 | T40: 1 | U40: 0 | V40: 438 | W40: 395 | X40: 16 | Y40: 0 | Z40: 14 | AA40: 1 | AB40: 0 | AC40: 1 | AD40: 3 | AE40: 4 | AF40: 4 | AG40: 52 | AH40: 0 | AI40: 0 | AJ40: 43 | AK40: 1 | AL40: 0 | AM40: 3 | AN40: 1 | AO40: 3 | AP40: 0 | AQ40: 1
C41: 其他 Other | D41: 0 | E41: 0 | F41: 0 | G41: 0 | H41: 0 | I41: 0 | J41: 0 | K41: 0 | L41: 0 | M41: 0 | N41: 0 | O41: 0 | P41: 0 | Q41: 0 | R41: 0 | S41: 0 | T41: 0 | U41: 0 | V41: 0 | W41: 0 | X41: 0 | Y41: 0 | Z41: 0 | AA41: 0 | AB41: 0 | AC41: 0 | AD41: 0 | AE41: 0 | AF41: 0 | AG41: 0 | AH41: 0 | AI41: 0 | AJ41: 0 | AK41: 0 | AL41: 0 | AM41: 0 | AN41: 0 | AO41: 0 | AP41: 0 | AQ41: 0
C42: 不詳Unknown | D42: 0 | E42: 0 | F42: 0 | G42: 0 | H42: 0 | I42: 0 | J42: 0 | K42: 0 | L42: 0 | M42: 0 | N42: 0 | O42: 0 | P42: 0 | Q42: 0 | R42: 0 | S42: 0 | T42: 0 | U42: 0 | V42: 0 | W42: 0 | X42: 0 | Y42: 0 | Z42: 0 | AA42: 0 | AB42: 0 | AC42: 0 | AD42: 0 | AE42: 0 | AF42: 0 | AG42: 18 | AH42: 0 | AI42: 0 | AJ42: 0 | AK42: 0 | AL42: 0 | AM42: 0 | AN42: 0 | AO42: 0 | AP42: 0 | AQ42: 18
B43: 宜蘭縣 | C43: 計 Total | D43: 90 | E43: 75 | F43: 10 | G43: 0 | H43: 1 | I43: 0 | J43: 4 | K43: 90 | L43: 1 | M43: 13 | N43: 43 | O43: 8 | P43: 3 | Q43: 11 | R43: 4 | S43: 4 | T43: 1 | U43: 2 | V43: 90 | W43: 76 | X43: 5 | Y43: 0 | Z43: 3 | AA43: 0 | AB43: 0 | AC43: 0 | AD43: 0 | AE43: 4 | AF43: 2 | AG43: 80 | AH43: 0 | AI43: 2 | AJ43: 23 | AK43: 8 | AL43: 2 | AM43: 5 | AN43: 8 | AO43: 4 | AP43: 3 | AQ43: 25
C44: 男 Male | D44: 20 | E44: 15 | F44: 4 | G44: 0 | H44: 1 | I44: 0 | J44: 0 | K44: 20 | L44: 0 | M44: 7 | N44: 9 | O44: 0 | P44: 1 | Q44: 2 | R44: 1 | S44: 0 | T44: 0 | U44: 0 | V44: 20 | W44: 17 | X44: 1 | Y44: 0 | Z44: 1 | AA44: 0 | AB44: 0 | AC44: 0 | AD44: 0 | AE44: 1 | AF44: 0 | AG44: 68 | AH44: 0 | AI44: 2 | AJ44: 17 | AK44: 8 | AL44: 2 | AM44: 5 | AN44: 7 | AO44: 4 | AP44: 3 | AQ44: 20
B45: Yilan County | C45: 女 Female | D45: 69 | E45: 60 | F45: 6 | G45: 0 | H45: 0 | I45: 0 | J45: 3 | K45: 69 | L45: 1 | M45: 6 | N45: 33 | O45: 8 | P45: 2 | Q45: 9 | R45: 3 | S45: 4 | T45: 1 | U45: 2 | V45: 69 | W45: 58 | X45: 4 | Y45: 0 | Z45: 2 | AA45: 0 | AB45: 0 | AC45: 0 | AD45: 0 | AE45: 3 | AF45: 2 | AG45: 10 | AH45: 0 | AI45: 0 | AJ45: 5 | AK45: 0 | AL45: 0 | AM45: 0 | AN45: 1 | AO45: 0 | AP45: 0 | AQ45: 4
C46: 其他 Other | D46: 0 | E46: 0 | F46: 0 | G46: 0 | H46: 0 | I46: 0 | J46: 0 | K46: 0 | L46: 0 | M46: 0 | N46: 0 | O46: 0 | P46: 0 | Q46: 0 | R46: 0 | S46: 0 | T46: 0 | U46: 0 | V46: 0 | W46: 0 | X46: 0 | Y46: 0 | Z46: 0 | AA46: 0 | AB46: 0 | AC46: 0 | AD46: 0 | AE46: 0 | AF46: 0 | AG46: 0 | AH46: 0 | AI46: 0 | AJ46: 0 | AK46: 0 | AL46: 0 | AM46: 0 | AN46: 0 | AO46: 0 | AP46: 0 | AQ46: 0
C47: 不詳Unknown | D47: 1 | E47: 0 | F47: 0 | G47: 0 | H47: 0 | I47: 0 | J47: 1 | K47: 1 | L47: 0 | M47: 0 | N47: 1 | O47: 0 | P47: 0 | Q47: 0 | R47: 0 | S47: 0 | T47: 0 | U47: 0 | V47: 1 | W47: 1 | X47: 0 | Y47: 0 | Z47: 0 | AA47: 0 | AB47: 0 | AC47: 0 | AD47: 0 | AE47: 0 | AF47: 0 | AG47: 2 | AH47: 0 | AI47: 0 | AJ47: 1 | AK47: 0 | AL47: 0 | AM47: 0 | AN47: 0 | AO47: 0 | AP47: 0 | AQ47: 1
B48: 新竹縣 | C48: 計 Total | D48: 110 | E48: 90 | F48: 16 | G48: 1 | H48: 2 | I48: 0 | J48: 1 | K48: 110 | L48: 4 | M48: 10 | N48: 49 | O48: 16 | P48: 12 | Q48: 10 | R48: 6 | S48: 3 | T48: 0 | U48: 0 | V48: 110 | W48: 100 | X48: 5 | Y48: 0 | Z48: 2 | AA48: 0 | AB48: 0 | AC48: 0 | AD48: 1 | AE48: 2 | AF48: 0 | AG48: 94 | AH48: 0 | AI48: 0 | AJ48: 24 | AK48: 19 | AL48: 6 | AM48: 8 | AN48: 10 | AO48: 2 | AP48: 0 | AQ48: 25
C49: 男 Male | D49: 21 | E49: 19 | F49: 2 | G49: 0 | H49: 0 | I49: 0 | J49: 0 | K49: 21 | L49: 0 | M49: 3 | N49: 12 | O49: 4 | P49: 1 | Q49: 1 | R49: 0 | S49: 0 | T49: 0 | U49: 0 | V49: 21 | W49: 18 | X49: 2 | Y49: 0 | Z49: 1 | AA49: 0 | AB49: 0 | AC49: 0 | AD49: 0 | AE49: 0 | AF49: 0 | AG49: 79 | AH49: 0 | AI49: 0 | AJ49: 20 | AK49: 17 | AL49: 6 | AM49: 6 | AN49: 10 | AO49: 2 | AP49: 0 | AQ49: 18
B50: Hsinchu County | C50: 女 Female | D50: 88 | E50: 70 | F50: 14 | G50: 1 | H50: 2 | I50: 0 | J50: 1 | K50: 88 | L50: 4 | M50: 6 | N50: 37 | O50: 12 | P50: 11 | Q50: 9 | R50: 6 | S50: 3 | T50: 0 | U50: 0 | V50: 88 | W50: 81 | X50: 3 | Y50: 0 | Z50: 1 | AA50: 0 | AB50: 0 | AC50: 0 | AD50: 1 | AE50: 2 | AF50: 0 | AG50: 13 | AH50: 0 | AI50: 0 | AJ50: 4 | AK50: 2 | AL50: 0 | AM50: 2 | AN50: 0 | AO50: 0 | AP50: 0 | AQ50: 5
C51: 其他 Other | D51: 0 | E51: 0 | F51: 0 | G51: 0 | H51: 0 | I51: 0 | J51: 0 | K51: 0 | L51: 0 | M51: 0 | N51: 0 | O51: 0 | P51: 0 | Q51: 0 | R51: 0 | S51: 0 | T51: 0 | U51: 0 | V51: 0 | W51: 0 | X51: 0 | Y51: 0 | Z51: 0 | AA51: 0 | AB51: 0 | AC51: 0 | AD51: 0 | AE51: 0 | AF51: 0 | AG51: 0 | AH51: 0 | AI51: 0 | AJ51: 0 | AK51: 0 | AL51: 0 | AM51: 0 | AN51: 0 | AO51: 0 | AP51: 0 | AQ51: 0
C52: 不詳Unknown | D52: 1 | E52: 1 | F52: 0 | G52: 0 | H52: 0 | I52: 0 | J52: 0 | K52: 1 | L52: 0 | M52: 1 | N52: 0 | O52: 0 | P52: 0 | Q52: 0 | R52: 0 | S52: 0 | T52: 0 | U52: 0 | V52: 1 | W52: 1 | X52: 0 | Y52: 0 | Z52: 0 | AA52: 0 | AB52: 0 | AC52: 0 | AD52: 0 | AE52: 0 | AF52: 0 | AG52: 2 | AH52: 0 | AI52: 0 | AJ52: 0 | AK52: 0 | AL52: 0 | AM52: 0 | AN52: 0 | AO52: 0 | AP52: 0 | AQ52: 2
B53: 苗栗縣 | C53: 計 Total | D53: 105 | E53: 90 | F53: 12 | G53: 0 | H53: 2 | I53: 0 | J53: 1 | K53: 105 | L53: 0 | M53: 12 | N53: 62 | O53: 6 | P53: 6 | Q53: 11 | R53: 5 | S53: 2 | T53: 1 | U53: 0 | V53: 105 | W53: 100 | X53: 4 | Y53: 0 | Z53: 1 | AA53: 0 | AB53: 0 | AC53: 0 | AD53: 0 | AE53: 0 | AF53: 0 | AG53: 96 | AH53: 0 | AI53: 5 | AJ53: 25 | AK53: 17 | AL53: 5 | AM53: 10 | AN53: 8 | AO53: 4 | AP53: 5 | AQ53: 17
C54: 男 Male | D54: 20 | E54: 17 | F54: 3 | G54: 0 | H54: 0 | I54: 0 | J54: 0 | K54: 20 | L54: 0 | M54: 4 | N54: 14 | O54: 2 | P54: 0 | Q54: 0 | R54: 0 | S54: 0 | T54: 0 | U54: 0 | V54: 20 | W54: 20 | X54: 0 | Y54: 0 | Z54: 0 | AA54: 0 | AB54: 0 | AC54: 0 | AD54: 0 | AE54: 0 | AF54: 0 | AG54: 83 | AH54: 0 | AI54: 4 | AJ54: 16 | AK54: 16 | AL54: 5 | AM54: 10 | AN54: 8 | AO54: 4 | AP54: 5 | AQ54: 15
B55: Miaoli County | C55: 女 Female | D55: 85 | E55: 73 | F55: 9 | G55: 0 | H55: 2 | I55: 0 | J55: 1 | K55: 85 | L55: 0 | M55: 8 | N55: 48 | O55: 4 | P55: 6 | Q55: 11 | R55: 5 | S55: 2 | T55: 1 | U55: 0 | V55: 85 | W55: 80 | X55: 4 | Y55: 0 | Z55: 1 | AA55: 0 | AB55: 0 | AC55: 0 | AD55: 0 | AE55: 0 | AF55: 0 | AG55: 11 | AH55: 0 | AI55: 1 | AJ55: 9 | AK55: 1 | AL55: 0 | AM55: 0 | AN55: 0 | AO55: 0 | AP55: 0 | AQ55: 0
C56: 其他 Other | D56: 0 | E56: 0 | F56: 0 | G56: 0 | H56: 0 | I56: 0 | J56: 0 | K56: 0 | L56: 0 | M56: 0 | N56: 0 | O56: 0 | P56: 0 | Q56: 0 | R56: 0 | S56: 0 | T56: 0 | U56: 0 | V56: 0 | W56: 0 | X56: 0 | Y56: 0 | Z56: 0 | AA56: 0 | AB56: 0 | AC56: 0 | AD56: 0 | AE56: 0 | AF56: 0 | AG56: 0 | AH56: 0 | AI56: 0 | AJ56: 0 | AK56: 0 | AL56: 0 | AM56: 0 | AN56: 0 | AO56: 0 | AP56: 0 | AQ56: 0
C57: 不詳Unknown | D57: 0 | E57: 0 | F57: 0 | G57: 0 | H57: 0 | I57: 0 | J57: 0 | K57: 0 | L57: 0 | M57: 0 | N57: 0 | O57: 0 | P57: 0 | Q57: 0 | R57: 0 | S57: 0 | T57: 0 | U57: 0 | V57: 0 | W57: 0 | X57: 0 | Y57: 0 | Z57: 0 | AA57: 0 | AB57: 0 | AC57: 0 | AD57: 0 | AE57: 0 | AF57: 0 | AG57: 2 | AH57: 0 | AI57: 0 | AJ57: 0 | AK57: 0 | AL57: 0 | AM57: 0 | AN57: 0 | AO57: 0 | AP57: 0 | AQ57: 2
B58: 彰化縣 | C58: 計 Total | D58: 241 | E58: 219 | F58: 8 | G58: 1 | H58: 2 | I58: 0 | J58: 11 | K58: 241 | L58: 10 | M58: 31 | N58: 132 | O58: 16 | P58: 9 | Q58: 17 | R58: 18 | S58: 5 | T58: 2 | U58: 1 | V58: 241 | W58: 215 | X58: 9 | Y58: 0 | Z58: 9 | AA58: 0 | AB58: 1 | AC58: 0 | AD58: 3 | AE58: 1 | AF58: 3 | AG58: 206 | AH58: 0 | AI58: 5 | AJ58: 62 | AK58: 17 | AL58: 9 | AM58: 11 | AN58: 18 | AO58: 18 | AP58: 5 | AQ58: 61
C59: 男 Male | D59: 56 | E59: 48 | F59: 4 | G59: 0 | H59: 0 | I59: 0 | J59: 4 | K59: 56 | L59: 3 | M59: 6 | N59: 41 | O59: 1 | P59: 1 | Q59: 1 | R59: 2 | S59: 0 | T59: 1 | U59: 0 | V59: 56 | W59: 53 | X59: 0 | Y59: 0 | Z59: 1 | AA59: 0 | AB59: 1 | AC59: 0 | AD59: 1 | AE59: 0 | AF59: 0 | AG59: 162 | AH59: 0 | AI59: 4 | AJ59: 38 | AK59: 17 | AL59: 9 | AM59: 10 | AN59: 18 | AO59: 18 | AP59: 5 | AQ59: 43
B60: Changhua County | C60: 女 Female | D60: 184 | E60: 170 | F60: 4 | G60: 1 | H60: 2 | I60: 0 | J60: 7 | K60: 184 | L60: 7 | M60: 25 | N60: 90 | O60: 15 | P60: 8 | Q60: 16 | R60: 16 | S60: 5 | T60: 1 | U60: 1 | V60: 184 | W60: 161 | X60: 9 | Y60: 0 | Z60: 8 | AA60: 0 | AB60: 0 | AC60: 0 | AD60: 2 | AE60: 1 | AF60: 3 | AG60: 36 | AH60: 0 | AI60: 1 | AJ60: 23 | AK60: 0 | AL60: 0 | AM60: 1 | AN60: 0 | AO60: 0 | AP60: 0 | AQ60: 11
C61: 其他 Other | D61: 0 | E61: 0 | F61: 0 | G61: 0 | H61: 0 | I61: 0 | J61: 0 | K61: 0 | L61: 0 | M61: 0 | N61: 0 | O61: 0 | P61: 0 | Q61: 0 | R61: 0 | S61: 0 | T61: 0 | U61: 0 | V61: 0 | W61: 0 | X61: 0 | Y61: 0 | Z61: 0 | AA61: 0 | AB61: 0 | AC61: 0 | AD61: 0 | AE61: 0 | AF61: 0 | AG61: 0 | AH61: 0 | AI61: 0 | AJ61: 0 | AK61: 0 | AL61: 0 | AM61: 0 | AN61: 0 | AO61: 0 | AP61: 0 | AQ61: 0
C62: 不詳Unknown | D62: 1 | E62: 1 | F62: 0 | G62: 0 | H62: 0 | I62: 0 | J62: 0 | K62: 1 | L62: 0 | M62: 0 | N62: 1 | O62: 0 | P62: 0 | Q62: 0 | R62: 0 | S62: 0 | T62: 0 | U62: 0 | V62: 1 | W62: 1 | X62: 0 | Y62: 0 | Z62: 0 | AA62: 0 | AB62: 0 | AC62: 0 | AD62: 0 | AE62: 0 | AF62: 0 | AG62: 8 | AH62: 0 | AI62: 0 | AJ62: 1 | AK62: 0 | AL62: 0 | AM62: 0 | AN62: 0 | AO62: 0 | AP62: 0 | AQ62: 7
B63: 南投縣 | C63: 計 Total | D63: 95 | E63: 74 | F63: 19 | G63: 1 | H63: 0 | I63: 0 | J63: 1 | K63: 95 | L63: 4 | M63: 12 | N63: 45 | O63: 10 | P63: 2 | Q63: 7 | R63: 7 | S63: 4 | T63: 3 | U63: 1 | V63: 95 | W63: 81 | X63: 5 | Y63: 0 | Z63: 6 | AA63: 0 | AB63: 0 | AC63: 1 | AD63: 2 | AE63: 0 | AF63: 0 | AG63: 97 | AH63: 0 | AI63: 2 | AJ63: 33 | AK63: 14 | AL63: 4 | AM63: 7 | AN63: 5 | AO63: 8 | AP63: 6 | AQ63: 18
C64: 男 Male | D64: 23 | E64: 20 | F64: 3 | G64: 0 | H64: 0 | I64: 0 | J64: 0 | K64: 23 | L64: 1 | M64: 4 | N64: 15 | O64: 2 | P64: 0 | Q64: 0 | R64: 1 | S64: 0 | T64: 0 | U64: 0 | V64: 23 | W64: 20 | X64: 2 | Y64: 0 | Z64: 0 | AA64: 0 | AB64: 0 | AC64: 0 | AD64: 1 | AE64: 0 | AF64: 0 | AG64: 84 | AH64: 0 | AI64: 2 | AJ64: 22 | AK64: 14 | AL64: 4 | AM64: 7 | AN64: 5 | AO64: 7 | AP64: 6 | AQ64: 17
B65: Nantou County | C65: 女 Female | D65: 72 | E65: 54 | F65: 16 | G65: 1 | H65: 0 | I65: 0 | J65: 1 | K65: 72 | L65: 3 | M65: 8 | N65: 30 | O65: 8 | P65: 2 | Q65: 7 | R65: 6 | S65: 4 | T65: 3 | U65: 1 | V65: 72 | W65: 61 | X65: 3 | Y65: 0 | Z65: 6 | AA65: 0 | AB65: 0 | AC65: 1 | AD65: 1 | AE65: 0 | AF65: 0 | AG65: 13 | AH65: 0 | AI65: 0 | AJ65: 11 | AK65: 0 | AL65: 0 | AM65: 0 | AN65: 0 | AO65: 1 | AP65: 0 | AQ65: 1
C66: 其他 Other | D66: 0 | E66: 0 | F66: 0 | G66: 0 | H66: 0 | I66: 0 | J66: 0 | K66: 0 | L66: 0 | M66: 0 | N66: 0 | O66: 0 | P66: 0 | Q66: 0 | R66: 0 | S66: 0 | T66: 0 | U66: 0 | V66: 0 | W66: 0 | X66: 0 | Y66: 0 | Z66: 0 | AA66: 0 | AB66: 0 | AC66: 0 | AD66: 0 | AE66: 0 | AF66: 0 | AG66: 0 | AH66: 0 | AI66: 0 | AJ66: 0 | AK66: 0 | AL66: 0 | AM66: 0 | AN66: 0 | AO66: 0 | AP66: 0 | AQ66: 0
C67: 不詳Unknown | D67: 0 | E67: 0 | F67: 0 | G67: 0 | H67: 0 | I67: 0 | J67: 0 | K67: 0 | L67: 0 | M67: 0 | N67: 0 | O67: 0 | P67: 0 | Q67: 0 | R67: 0 | S67: 0 | T67: 0 | U67: 0 | V67: 0 | W67: 0 | X67: 0 | Y67: 0 | Z67: 0 | AA67: 0 | AB67: 0 | AC67: 0 | AD67: 0 | AE67: 0 | AF67: 0 | AG67: 0 | AH67: 0 | AI67: 0 | AJ67: 0 | AK67: 0 | AL67: 0 | AM67: 0 | AN67: 0 | AO67: 0 | AP67: 0 | AQ67: 0
B68: 雲林縣 | C68: 計 Total | D68: 94 | E68: 91 | F68: 3 | G68: 0 | H68: 0 | I68: 0 | J68: 0 | K68: 94 | L68: 2 | M68: 4 | N68: 54 | O68: 13 | P68: 4 | Q68: 10 | R68: 5 | S68: 1 | T68: 0 | U68: 1 | V68: 94 | W68: 83 | X68: 6 | Y68: 0 | Z68: 1 | AA68: 0 | AB68: 0 | AC68: 0 | AD68: 2 | AE68: 1 | AF68: 1 | AG68: 90 | AH68: 0 | AI68: 0 | AJ68: 19 | AK68: 19 | AL68: 4 | AM68: 11 | AN68: 12 | AO68: 4 | AP68: 2 | AQ68: 19
C69: 男 Male | D69: 16 | E69: 16 | F69: 0 | G69: 0 | H69: 0 | I69: 0 | J69: 0 | K69: 16 | L69: 1 | M69: 1 | N69: 11 | O69: 2 | P69: 0 | Q69: 0 | R69: 0 | S69: 0 | T69: 0 | U69: 1 | V69: 16 | W69: 11 | X69: 3 | Y69: 0 | Z69: 0 | AA69: 0 | AB69: 0 | AC69: 0 | AD69: 0 | AE69: 1 | AF69: 1 | AG69: 79 | AH69: 0 | AI69: 0 | AJ69: 13 | AK69: 18 | AL69: 4 | AM69: 11 | AN69: 12 | AO69: 4 | AP69: 2 | AQ69: 15
B70: Yunlin County | C70: 女 Female | D70: 78 | E70: 75 | F70: 3 | G70: 0 | H70: 0 | I70: 0 | J70: 0 | K70: 78 | L70: 1 | M70: 3 | N70: 43 | O70: 11 | P70: 4 | Q70: 10 | R70: 5 | S70: 1 | T70: 0 | U70: 0 | V70: 78 | W70: 72 | X70: 3 | Y70: 0 | Z70: 1 | AA70: 0 | AB70: 0 | AC70: 0 | AD70: 2 | AE70: 0 | AF70: 0 | AG70: 8 | AH70: 0 | AI70: 0 | AJ70: 6 | AK70: 1 | AL70: 0 | AM70: 0 | AN70: 0 | AO70: 0 | AP70: 0 | AQ70: 1
C71: 其他 Other | D71: 0 | E71: 0 | F71: 0 | G71: 0 | H71: 0 | I71: 0 | J71: 0 | K71: 0 | L71: 0 | M71: 0 | N71: 0 | O71: 0 | P71: 0 | Q71: 0 | R71: 0 | S71: 0 | T71: 0 | U71: 0 | V71: 0 | W71: 0 | X71: 0 | Y71: 0 | Z71: 0 | AA71: 0 | AB71: 0 | AC71: 0 | AD71: 0 | AE71: 0 | AF71: 0 | AG71: 0 | AH71: 0 | AI71: 0 | AJ71: 0 | AK71: 0 | AL71: 0 | AM71: 0 | AN71: 0 | AO71: 0 | AP71: 0 | AQ71: 0
C72: 不詳Unknown | D72: 0 | E72: 0 | F72: 0 | G72: 0 | H72: 0 | I72: 0 | J72: 0 | K72: 0 | L72: 0 | M72: 0 | N72: 0 | O72: 0 | P72: 0 | Q72: 0 | R72: 0 | S72: 0 | T72: 0 | U72: 0 | V72: 0 | W72: 0 | X72: 0 | Y72: 0 | Z72: 0 | AA72: 0 | AB72: 0 | AC72: 0 | AD72: 0 | AE72: 0 | AF72: 0 | AG72: 3 | AH72: 0 | AI72: 0 | AJ72: 0 | AK72: 0 | AL72: 0 | AM72: 0 | AN72: 0 | AO72: 0 | AP72: 0 | AQ72: 3
B73: 嘉義縣 | C73: 計 Total | D73: 67 | E73: 60 | F73: 5 | G73: 0 | H73: 2 | I73: 0 | J73: 0 | K73: 67 | L73: 1 | M73: 3 | N73: 33 | O73: 12 | P73: 7 | Q73: 5 | R73: 2 | S73: 3 | T73: 1 | U73: 0 | V73: 67 | W73: 61 | X73: 4 | Y73: 0 | Z73: 0 | AA73: 0 | AB73: 0 | AC73: 0 | AD73: 1 | AE73: 1 | AF73: 0 | AG73: 59 | AH73: 0 | AI73: 0 | AJ73: 9 | AK73: 11 | AL73: 9 | AM73: 7 | AN73: 7 | AO73: 5 | AP73: 3 | AQ73: 8
C74: 男 Male | D74: 16 | E74: 12 | F74: 4 | G74: 0 | H74: 0 | I74: 0 | J74: 0 | K74: 16 | L74: 0 | M74: 1 | N74: 11 | O74: 1 | P74: 0 | Q74: 3 | R74: 0 | S74: 0 | T74: 0 | U74: 0 | V74: 16 | W74: 16 | X74: 0 | Y74: 0 | Z74: 0 | AA74: 0 | AB74: 0 | AC74: 0 | AD74: 0 | AE74: 0 | AF74: 0 | AG74: 53 | AH74: 0 | AI74: 0 | AJ74: 5 | AK74: 10 | AL74: 9 | AM74: 7 | AN74: 6 | AO74: 5 | AP74: 3 | AQ74: 8
B75: Chiayi County | C75: 女 Female | D75: 51 | E75: 48 | F75: 1 | G75: 0 | H75: 2 | I75: 0 | J75: 0 | K75: 51 | L75: 1 | M75: 2 | N75: 22 | O75: 11 | P75: 7 | Q75: 2 | R75: 2 | S75: 3 | T75: 1 | U75: 0 | V75: 51 | W75: 45 | X75: 4 | Y75: 0 | Z75: 0 | AA75: 0 | AB75: 0 | AC75: 0 | AD75: 1 | AE75: 1 | AF75: 0 | AG75: 5 | AH75: 0 | AI75: 0 | AJ75: 4 | AK75: 1 | AL75: 0 | AM75: 0 | AN75: 0 | AO75: 0 | AP75: 0 | AQ75: 0
C76: 其他 Other | D76: 0 | E76: 0 | F76: 0 | G76: 0 | H76: 0 | I76: 0 | J76: 0 | K76: 0 | L76: 0 | M76: 0 | N76: 0 | O76: 0 | P76: 0 | Q76: 0 | R76: 0 | S76: 0 | T76: 0 | U76: 0 | V76: 0 | W76: 0 | X76: 0 | Y76: 0 | Z76: 0 | AA76: 0 | AB76: 0 | AC76: 0 | AD76: 0 | AE76: 0 | AF76: 0 | AG76: 0 | AH76: 0 | AI76: 0 | AJ76: 0 | AK76: 0 | AL76: 0 | AM76: 0 | AN76: 0 | AO76: 0 | AP76: 0 | AQ76: 0
C77: 不詳Unknown | D77: 0 | E77: 0 | F77: 0 | G77: 0 | H77: 0 | I77: 0 | J77: 0 | K77: 0 | L77: 0 | M77: 0 | N77: 0 | O77: 0 | P77: 0 | Q77: 0 | R77: 0 | S77: 0 | T77: 0 | U77: 0 | V77: 0 | W77: 0 | X77: 0 | Y77: 0 | Z77: 0 | AA77: 0 | AB77: 0 | AC77: 0 | AD77: 0 | AE77: 0 | AF77: 0 | AG77: 1 | AH77: 0 | AI77: 0 | AJ77: 0 | AK77: 0 | AL77: 0 | AM77: 0 | AN77: 1 | AO77: 0 | AP77: 0 | AQ77: 0
B78: 屏東縣 | C78: 計 Total | D78: 155 | E78: 117 | F78: 34 | G78: 0 | H78: 3 | I78: 0 | J78: 1 | K78: 155 | L78: 3 | M78: 24 | N78: 73 | O78: 15 | P78: 15 | Q78: 12 | R78: 6 | S78: 3 | T78: 3 | U78: 1 | V78: 155 | W78: 142 | X78: 6 | Y78: 1 | Z78: 3 | AA78: 0 | AB78: 0 | AC78: 0 | AD78: 1 | AE78: 0 | AF78: 2 | AG78: 126 | AH78: 0 | AI78: 1 | AJ78: 27 | AK78: 19 | AL78: 14 | AM78: 17 | AN78: 8 | AO78: 12 | AP78: 3 | AQ78: 25
C79: 男 Male | D79: 25 | E79: 21 | F79: 4 | G79: 0 | H79: 0 | I79: 0 | J79: 0 | K79: 25 | L79: 1 | M79: 10 | N79: 9 | O79: 2 | P79: 0 | Q79: 2 | R79: 0 | S79: 0 | T79: 1 | U79: 0 | V79: 25 | W79: 24 | X79: 0 | Y79: 1 | Z79: 0 | AA79: 0 | AB79: 0 | AC79: 0 | AD79: 0 | AE79: 0 | AF79: 0 | AG79: 116 | AH79: 0 | AI79: 1 | AJ79: 21 | AK79: 18 | AL79: 13 | AM79: 17 | AN79: 8 | AO79: 12 | AP79: 3 | AQ79: 23
B80: Pingtung County | C80: 女 Female | D80: 130 | E80: 96 | F80: 30 | G80: 0 | H80: 3 | I80: 0 | J80: 1 | K80: 130 | L80: 2 | M80: 14 | N80: 64 | O80: 13 | P80: 15 | Q80: 10 | R80: 6 | S80: 3 | T80: 2 | U80: 1 | V80: 130 | W80: 118 | X80: 6 | Y80: 0 | Z80: 3 | AA80: 0 | AB80: 0 | AC80: 0 | AD80: 1 | AE80: 0 | AF80: 2 | AG80: 8 | AH80: 0 | AI80: 0 | AJ80: 6 | AK80: 1 | AL80: 1 | AM80: 0 | AN80: 0 | AO80: 0 | AP80: 0 | AQ80: 0
C81: 其他 Other | D81: 0 | E81: 0 | F81: 0 | G81: 0 | H81: 0 | I81: 0 | J81: 0 | K81: 0 | L81: 0 | M81: 0 | N81: 0 | O81: 0 | P81: 0 | Q81: 0 | R81: 0 | S81: 0 | T81: 0 | U81: 0 | V81: 0 | W81: 0 | X81: 0 | Y81: 0 | Z81: 0 | AA81: 0 | AB81: 0 | AC81: 0 | AD81: 0 | AE81: 0 | AF81: 0 | AG81: 0 | AH81: 0 | AI81: 0 | AJ81: 0 | AK81: 0 | AL81: 0 | AM81: 0 | AN81: 0 | AO81: 0 | AP81: 0 | AQ81: 0
C82: 不詳Unknown | D82: 0 | E82: 0 | F82: 0 | G82: 0 | H82: 0 | I82: 0 | J82: 0 | K82: 0 | L82: 0 | M82: 0 | N82: 0 | O82: 0 | P82: 0 | Q82: 0 | R82: 0 | S82: 0 | T82: 0 | U82: 0 | V82: 0 | W82: 0 | X82: 0 | Y82: 0 | Z82: 0 | AA82: 0 | AB82: 0 | AC82: 0 | AD82: 0 | AE82: 0 | AF82: 0 | AG82: 2 | AH82: 0 | AI82: 0 | AJ82: 0 | AK82: 0 | AL82: 0 | AM82: 0 | AN82: 0 | AO82: 0 | AP82: 0 | AQ82: 2
B83: 臺東縣 | C83: 計 Total | D83: 69 | E83: 25 | F83: 42 | G83: 2 | H83: 0 | I83: 0 | J83: 0 | K83: 69 | L83: 2 | M83: 11 | N83: 33 | O83: 10 | P83: 4 | Q83: 4 | R83: 2 | S83: 3 | T83: 0 | U83: 0 | V83: 69 | W83: 64 | X83: 4 | Y83: 0 | Z83: 0 | AA83: 0 | AB83: 0 | AC83: 0 | AD83: 0 | AE83: 1 | AF83: 0 | AG83: 70 | AH83: 1 | AI83: 6 | AJ83: 15 | AK83: 10 | AL83: 4 | AM83: 6 | AN83: 5 | AO83: 6 | AP83: 2 | AQ83: 15
C84: 男 Male | D84: 11 | E84: 5 | F84: 6 | G84: 0 | H84: 0 | I84: 0 | J84: 0 | K84: 11 | L84: 0 | M84: 0 | N84: 7 | O84: 2 | P84: 1 | Q84: 1 | R84: 0 | S84: 0 | T84: 0 | U84: 0 | V84: 11 | W84: 11 | X84: 0 | Y84: 0 | Z84: 0 | AA84: 0 | AB84: 0 | AC84: 0 | AD84: 0 | AE84: 0 | AF84: 0 | AG84: 59 | AH84: 1 | AI84: 5 | AJ84: 10 | AK84: 9 | AL84: 4 | AM84: 6 | AN84: 5 | AO84: 6 | AP84: 2 | AQ84: 11
B85: Taitung County | C85: 女 Female | D85: 58 | E85: 20 | F85: 36 | G85: 2 | H85: 0 | I85: 0 | J85: 0 | K85: 58 | L85: 2 | M85: 11 | N85: 26 | O85: 8 | P85: 3 | Q85: 3 | R85: 2 | S85: 3 | T85: 0 | U85: 0 | V85: 58 | W85: 53 | X85: 4 | Y85: 0 | Z85: 0 | AA85: 0 | AB85: 0 | AC85: 0 | AD85: 0 | AE85: 1 | AF85: 0 | AG85: 7 | AH85: 0 | AI85: 1 | AJ85: 5 | AK85: 1 | AL85: 0 | AM85: 0 | AN85: 0 | AO85: 0 | AP85: 0 | AQ85: 0
C86: 其他 Other | D86: 0 | E86: 0 | F86: 0 | G86: 0 | H86: 0 | I86: 0 | J86: 0 | K86: 0 | L86: 0 | M86: 0 | N86: 0 | O86: 0 | P86: 0 | Q86: 0 | R86: 0 | S86: 0 | T86: 0 | U86: 0 | V86: 0 | W86: 0 | X86: 0 | Y86: 0 | Z86: 0 | AA86: 0 | AB86: 0 | AC86: 0 | AD86: 0 | AE86: 0 | AF86: 0 | AG86: 0 | AH86: 0 | AI86: 0 | AJ86: 0 | AK86: 0 | AL86: 0 | AM86: 0 | AN86: 0 | AO86: 0 | AP86: 0 | AQ86: 0
C87: 不詳Unknown | D87: 0 | E87: 0 | F87: 0 | G87: 0 | H87: 0 | I87: 0 | J87: 0 | K87: 0 | L87: 0 | M87: 0 | N87: 0 | O87: 0 | P87: 0 | Q87: 0 | R87: 0 | S87: 0 | T87: 0 | U87: 0 | V87: 0 | W87: 0 | X87: 0 | Y87: 0 | Z87: 0 | AA87: 0 | AB87: 0 | AC87: 0 | AD87: 0 | AE87: 0 | AF87: 0 | AG87: 4 | AH87: 0 | AI87: 0 | AJ87: 0 | AK87: 0 | AL87: 0 | AM87: 0 | AN87: 0 | AO87: 0 | AP87: 0 | AQ87: 4
B88: 花蓮縣 | C88: 計 Total | D88: 142 | E88: 70 | F88: 70 | G88: 0 | H88: 1 | I88: 0 | J88: 1 | K88: 142 | L88: 5 | M88: 9 | N88: 74 | O88: 15 | P88: 15 | Q88: 7 | R88: 8 | S88: 6 | T88: 2 | U88: 1 | V88: 142 | W88: 124 | X88: 4 | Y88: 0 | Z88: 9 | AA88: 0 | AB88: 0 | AC88: 1 | AD88: 0 | AE88: 1 | AF88: 3 | AG88: 132 | AH88: 1 | AI88: 3 | AJ88: 34 | AK88: 13 | AL88: 12 | AM88: 14 | AN88: 11 | AO88: 11 | AP88: 7 | AQ88: 26
C89: 男 Male | D89: 27 | E89: 12 | F89: 14 | G89: 0 | H89: 0 | I89: 0 | J89: 1 | K89: 27 | L89: 0 | M89: 2 | N89: 19 | O89: 1 | P89: 2 | Q89: 0 | R89: 1 | S89: 2 | T89: 0 | U89: 0 | V89: 27 | W89: 22 | X89: 1 | Y89: 0 | Z89: 3 | AA89: 0 | AB89: 0 | AC89: 0 | AD89: 0 | AE89: 1 | AF89: 0 | AG89: 114 | AH89: 1 | AI89: 3 | AJ89: 23 | AK89: 13 | AL89: 12 | AM89: 13 | AN89: 11 | AO89: 11 | AP89: 7 | AQ89: 20
B90: Hualien County | C90: 女 Female | D90: 115 | E90: 58 | F90: 56 | G90: 0 | H90: 1 | I90: 0 | J90: 0 | K90: 115 | L90: 5 | M90: 7 | N90: 55 | O90: 14 | P90: 13 | Q90: 7 | R90: 7 | S90: 4 | T90: 2 | U90: 1 | V90: 115 | W90: 102 | X90: 3 | Y90: 0 | Z90: 6 | AA90: 0 | AB90: 0 | AC90: 1 | AD90: 0 | AE90: 0 | AF90: 3 | AG90: 15 | AH90: 0 | AI90: 0 | AJ90: 11 | AK90: 0 | AL90: 0 | AM90: 1 | AN90: 0 | AO90: 0 | AP90: 0 | AQ90: 3
C91: 其他 Other | D91: 0 | E91: 0 | F91: 0 | G91: 0 | H91: 0 | I91: 0 | J91: 0 | K91: 0 | L91: 0 | M91: 0 | N91: 0 | O91: 0 | P91: 0 | Q91: 0 | R91: 0 | S91: 0 | T91: 0 | U91: 0 | V91: 0 | W91: 0 | X91: 0 | Y91: 0 | Z91: 0 | AA91: 0 | AB91: 0 | AC91: 0 | AD91: 0 | AE91: 0 | AF91: 0 | AG91: 0 | AH91: 0 | AI91: 0 | AJ91: 0 | AK91: 0 | AL91: 0 | AM91: 0 | AN91: 0 | AO91: 0 | AP91: 0 | AQ91: 0
C92: 不詳Unknown | D92: 0 | E92: 0 | F92: 0 | G92: 0 | H92: 0 | I92: 0 | J92: 0 | K92: 0 | L92: 0 | M92: 0 | N92: 0 | O92: 0 | P92: 0 | Q92: 0 | R92: 0 | S92: 0 | T92: 0 | U92: 0 | V92: 0 | W92: 0 | X92: 0 | Y92: 0 | Z92: 0 | AA92: 0 | AB92: 0 | AC92: 0 | AD92: 0 | AE92: 0 | AF92: 0 | AG92: 3 | AH92: 0 | AI92: 0 | AJ92: 0 | AK92: 0 | AL92: 0 | AM92: 0 | AN92: 0 | AO92: 0 | AP92: 0 | AQ92: 3
B93: 澎湖縣 | C93: 計 Total | D93: 15 | E93: 15 | F93: 0 | G93: 0 | H93: 0 | I93: 0 | J93: 0 | K93: 15 | L93: 1 | M93: 1 | N93: 8 | O93: 1 | P93: 0 | Q93: 2 | R93: 2 | S93: 0 | T93: 0 | U93: 0 | V93: 15 | W93: 14 | X93: 1 | Y93: 0 | Z93: 0 | AA93: 0 | AB93: 0 | AC93: 0 | AD93: 0 | AE93: 0 | AF93: 0 | AG93: 14 | AH93: 0 | AI93: 0 | AJ93: 4 | AK93: 0 | AL93: 2 | AM93: 1 | AN93: 3 | AO93: 2 | AP93: 0 | AQ93: 2
C94: 男 Male | D94: 5 | E94: 5 | F94: 0 | G94: 0 | H94: 0 | I94: 0 | J94: 0 | K94: 5 | L94: 0 | M94: 1 | N94: 3 | O94: 0 | P94: 0 | Q94: 1 | R94: 0 | S94: 0 | T94: 0 | U94: 0 | V94: 5 | W94: 5 | X94: 0 | Y94: 0 | Z94: 0 | AA94: 0 | AB94: 0 | AC94: 0 | AD94: 0 | AE94: 0 | AF94: 0 | AG94: 9 | AH94: 0 | AI94: 0 | AJ94: 2 | AK94: 0 | AL94: 0 | AM94: 0 | AN94: 3 | AO94: 2 | AP94: 0 | AQ94: 2
B95: Penghu County | C95: 女 Female | D95: 10 | E95: 10 | F95: 0 | G95: 0 | H95: 0 | I95: 0 | J95: 0 | K95: 10 | L95: 1 | M95: 0 | N95: 5 | O95: 1 | P95: 0 | Q95: 1 | R95: 2 | S95: 0 | T95: 0 | U95: 0 | V95: 10 | W95: 9 | X95: 1 | Y95: 0 | Z95: 0 | AA95: 0 | AB95: 0 | AC95: 0 | AD95: 0 | AE95: 0 | AF95: 0 | AG95: 5 | AH95: 0 | AI95: 0 | AJ95: 2 | AK95: 0 | AL95: 2 | AM95: 1 | AN95: 0 | AO95: 0 | AP95: 0 | AQ95: 0
C96: 其他 Other | D96: 0 | E96: 0 | F96: 0 | G96: 0 | H96: 0 | I96: 0 | J96: 0 | K96: 0 | L96: 0 | M96: 0 | N96: 0 | O96: 0 | P96: 0 | Q96: 0 | R96: 0 | S96: 0 | T96: 0 | U96: 0 | V96: 0 | W96: 0 | X96: 0 | Y96: 0 | Z96: 0 | AA96: 0 | AB96: 0 | AC96: 0 | AD96: 0 | AE96: 0 | AF96: 0 | AG96: 0 | AH96: 0 | AI96: 0 | AJ96: 0 | AK96: 0 | AL96: 0 | AM96: 0 | AN96: 0 | AO96: 0 | AP96: 0 | AQ96: 0
C97: 不詳Unknown | D97: 0 | E97: 0 | F97: 0 | G97: 0 | H97: 0 | I97: 0 | J97: 0 | K97: 0 | L97: 0 | M97: 0 | N97: 0 | O97: 0 | P97: 0 | Q97: 0 | R97: 0 | S97: 0 | T97: 0 | U97: 0 | V97: 0 | W97: 0 | X97: 0 | Y97: 0 | Z97: 0 | AA97: 0 | AB97: 0 | AC97: 0 | AD97: 0 | AE97: 0 | AF97: 0 | AG97: 0 | AH97: 0 | AI97: 0 | AJ97: 0 | AK97: 0 | AL97: 0 | AM97: 0 | AN97: 0 | AO97: 0 | AP97: 0 | AQ97: 0
B98: 基隆市 | C98: 計 Total | D98: 79 | E98: 74 | F98: 5 | G98: 0 | H98: 0 | I98: 0 | J98: 0 | K98: 79 | L98: 3 | M98: 10 | N98: 45 | O98: 2 | P98: 5 | Q98: 6 | R98: 5 | S98: 3 | T98: 0 | U98: 0 | V98: 79 | W98: 72 | X98: 2 | Y98: 0 | Z98: 3 | AA98: 0 | AB98: 0 | AC98: 0 | AD98: 0 | AE98: 2 | AF98: 0 | AG98: 68 | AH98: 0 | AI98: 4 | AJ98: 19 | AK98: 10 | AL98: 4 | AM98: 7 | AN98: 7 | AO98: 4 | AP98: 2 | AQ98: 11
C99: 男 Male | D99: 19 | E99: 19 | F99: 0 | G99: 0 | H99: 0 | I99: 0 | J99: 0 | K99: 19 | L99: 1 | M99: 5 | N99: 11 | O99: 0 | P99: 2 | Q99: 0 | R99: 0 | S99: 0 | T99: 0 | U99: 0 | V99: 19 | W99: 19 | X99: 0 | Y99: 0 | Z99: 0 | AA99: 0 | AB99: 0 | AC99: 0 | AD99: 0 | AE99: 0 | AF99: 0 | AG99: 54 | AH99: 0 | AI99: 4 | AJ99: 13 | AK99: 10 | AL99: 4 | AM99: 6 | AN99: 7 | AO99: 4 | AP99: 2 | AQ99: 4
B100: Keelung City | C100: 女 Female | D100: 60 | E100: 55 | F100: 5 | G100: 0 | H100: 0 | I100: 0 | J100: 0 | K100: 60 | L100: 2 | M100: 5 | N100: 34 | O100: 2 | P100: 3 | Q100: 6 | R100: 5 | S100: 3 | T100: 0 | U100: 0 | V100: 60 | W100: 53 | X100: 2 | Y100: 0 | Z100: 3 | AA100: 0 | AB100: 0 | AC100: 0 | AD100: 0 | AE100: 2 | AF100: 0 | AG100: 8 | AH100: 0 | AI100: 0 | AJ100: 6 | AK100: 0 | AL100: 0 | AM100: 1 | AN100: 0 | AO100: 0 | AP100: 0 | AQ100: 1
...

Sheet 2024
A1: 性侵害事件通報被害及嫌疑人概況 Overview of Victim and Offender Status in Reporting Sexual Assault Cases
A2: 113年，2024
A3: 單位：人 unit:Person
A4: 區域別 | C4: 性別 | D4: 性侵害被害人統計 Statistics of Sexual Assault Victims | AG4: 性侵害嫌疑人年齡統計 Statistics of Age of Sexual Assault Offenders
D5: 國籍、身分別 By Nationality and Identity | K5: 年齡別 By Age | V5: 身心障礙別 By Disability | AG5: 年齡別 By Age
D6: 合計 | E6: 本國籍 非原住民 | F6: 本國籍 原住民 | G6: 大陸及 港澳籍 | H6: 外國籍 | I6: 無國籍 | J6: 資料 不明 | K6: 合計 | L6: 0-未滿6歲 | M6: 6-未滿12歲 | N6: 12-未滿18歲 | O6: 18-未滿24歲 | P6: 24-未滿30歲 | Q6: 30-未滿40歲 | R6: 40-未滿50歲 | S6: 50-未滿65歲 | T6: 65歲 以上 | U6: 不詳 | V6: 合計 | W6: 非身心 障礙 | X6: 智障 | Y6: 視障 | Z6: 精神 病患 | AA6: 聲(語)障 | AB6: 聽障 | AC6: 肢障 | AD6: 多重 障礙 | AE6: 其他 障礙 | AF6: 不詳 | AG6: 合計 | AH6: 0-未滿6歲 | AI6: 6-未滿12歲 | AJ6: 12-未滿18歲 | AK6: 18-未滿24歲 | AL6: 24-未滿30歲 | AM6: 30-未滿40歲 | AN6: 40-未滿50歲 | AO6: 50-未滿65歲 | AP6: 65歲 以上 | AQ6: 不詳
A7: Locality | C7: Gender | D7: Total | E7: Non-Indigenous Native | F7: Indigenous Native | G7: Mainland China and Hong Kong and Macau | H7: Foreign | I7: Stateless | J7: Unknown Information | K7: Total | L7: Under 6 Years | M7: 6-Under 12 Years | N7: 12-Under 18 Years | O7: 18-Under 24 Years | P7: 24-Under 30 Years | Q7: 30-Under 40 Years | R7: 40-Under 50 Years | S7: 50-Under 65 Years | T7: Above 65 Years | U7: Unknown | V7: Total | W7: Not Disability | X7: Intellectually Disabled | Y7: Vision | Z7: Mentally Illed | AA7: Voice | AB7: Hearing | AC7: Physically Impaired | AD7: Multiple | AE7: Other | AF7: Unknown | AG7: Total | AH7: Under 6 Years | AI7: 6-Under 12 Years | AJ7: 12-Under 18 Years | AK7: 18-Under 2 Years | AL7: 24-Under 30 Years | AM7: 30-Under 40 Years | AN7: 40-Under 50 Years | AO7: 50-Under 65 Years | AP7: Above 65 Years | AQ7: Unknown
A8: 總計 | C8: 計 Total | D8: 9230 | E8: 8138 | F8: 715 | G8: 33 | H8: 169 | I8: 0 | J8: 175 | K8: 9230 | L8: 268 | M8: 830 | N8: 3695 | O8: 1383 | P8: 970 | Q8: 1079 | R8: 631 | S8: 267 | T8: 76 | U8: 31 | V8: 9230 | W8: 8124 | X8: 399 | Y8: 12 | Z8: 312 | AA8: 12 | AB8: 29 | AC8: 37 | AD8: 98 | AE8: 109 | AF8: 98 | AG8: 8471 | AH8: 19 | AI8: 195 | AJ8: 1702 | AK8: 999 | AL8: 615 | AM8: 853 | AN8: 781 | AO8: 633 | AP8: 313 | AQ8: 2361
C9: 男 Male | D9: 1612 | E9: 1391 | F9: 164 | G9: 3 | H9: 11 | I9: 0 | J9: 43 | K9: 1612 | L9: 45 | M9: 263 | N9: 877 | O9: 157 | P9: 99 | Q9: 105 | R9: 37 | S9: 21 | T9: 5 | U9: 3 | V9: 1612 | W9: 1414 | X9: 78 | Y9: 2 | Z9: 34 | AA9: 3 | AB9: 5 | AC9: 8 | AD9: 24 | AE9: 34 | AF9: 10 | AG9: 7442 | AH9: 13 | AI9: 154 | AJ9: 1208 | AK9: 944 | AL9: 601 | AM9: 817 | AN9: 745 | AO9: 620 | AP9: 307 | AQ9: 2033
A10: Total | C10: 女 Female | D10: 7572 | E10: 6714 | F10: 547 | G10: 30 | H10: 157 | I10: 0 | J10: 124 | K10: 7572 | L10: 222 | M10: 564 | N10: 2787 | O10: 1224 | P10: 869 | Q10: 968 | R10: 594 | S10: 245 | T10: 71 | U10: 28 | V10: 7572 | W10: 6671 | X10: 320 | Y10: 10 | Z10: 277 | AA10: 9 | AB10: 24 | AC10: 29 | AD10: 72 | AE10: 74 | AF10: 86 | AG10: 790 | AH10: 6 | AI10: 41 | AJ10: 489 | AK10: 48 | AL10: 12 | AM10: 31 | AN10: 34 | AO10: 11 | AP10: 5 | AQ10: 113
C11: 其他 Other | D11: 6 | E11: 4 | F11: 0 | G11: 0 | H11: 1 | I11: 0 | J11: 1 | K11: 6 | L11: 0 | M11: 0 | N11: 1 | O11: 2 | P11: 0 | Q11: 2 | R11: 0 | S11: 1 | T11: 0 | U11: 0 | V11: 6 | W11: 4 | X11: 0 | Y11: 0 | Z11: 1 | AA11: 0 | AB11: 0 | AC11: 0 | AD11: 0 | AE11: 0 | AF11: 1 | AG11: 0 | AH11: 0 | AI11: 0 | AJ11: 0 | AK11: 0 | AL11: 0 | AM11: 0 | AN11: 0 | AO11: 0 | AP11: 0 | AQ11: 0
C12: 不詳Unknown | D12: 40 | E12: 29 | F12: 4 | G12: 0 | H12: 0 | I12: 0 | J12: 7 | K12: 40 | L12: 1 | M12: 3 | N12: 30 | O12: 0 | P12: 2 | Q12: 4 | R12: 0 | S12: 0 | T12: 0 | U12: 0 | V12: 40 | W12: 35 | X12: 1 | Y12: 0 | Z12: 0 | AA12: 0 | AB12: 0 | AC12: 0 | AD12: 2 | AE12: 1 | AF12: 1 | AG12: 239 | AH12: 0 | AI12: 0 | AJ12: 5 | AK12: 7 | AL12: 2 | AM12: 5 | AN12: 2 | AO12: 2 | AP12: 1 | AQ12: 215
A13: 新北市 | C13: 計 Total | D13: 1716 | E13: 1568 | F13: 74 | G13: 0 | H13: 22 | I13: 0 | J13: 52 | K13: 1716 | L13: 53 | M13: 165 | N13: 741 | O13: 218 | P13: 201 | Q13: 183 | R13: 97 | S13: 36 | T13: 12 | U13: 10 | V13: 1716 | W13: 1515 | X13: 57 | Y13: 4 | Z13: 57 | AA13: 0 | AB13: 4 | AC13: 5 | AD13: 13 | AE13: 25 | AF13: 36 | AG13: 1650 | AH13: 4 | AI13: 30 | AJ13: 313 | AK13: 178 | AL13: 105 | AM13: 128 | AN13: 146 | AO13: 85 | AP13: 54 | AQ13: 607
C14: 男 Male | D14: 283 | E14: 261 | F14: 13 | G14: 0 | H14: 1 | I14: 0 | J14: 8 | K14: 283 | L14: 11 | M14: 42 | N14: 164 | O14: 19 | P14: 19 | Q14: 15 | R14: 6 | S14: 3 | T14: 2 | U14: 2 | V14: 283 | W14: 252 | X14: 9 | Y14: 2 | Z14: 7 | AA14: 0 | AB14: 0 | AC14: 1 | AD14: 2 | AE14: 7 | AF14: 3 | AG14: 1447 | AH14: 3 | AI14: 20 | AJ14: 228 | AK14: 170 | AL14: 101 | AM14: 125 | AN14: 140 | AO14: 85 | AP14: 51 | AQ14: 524
A15: New Taipei City | C15: 女 Female | D15: 1420 | E15: 1298 | F15: 61 | G15: 0 | H15: 21 | I15: 0 | J15: 40 | K15: 1420 | L15: 41 | M15: 122 | N15: 569 | O15: 199 | P15: 182 | Q15: 166 | R15: 91 | S15: 32 | T15: 10 | U15: 8 | V15: 1420 | W15: 1254 | X15: 47 | Y15: 2 | Z15: 49 | AA15: 0 | AB15: 4 | AC15: 4 | AD15: 9 | AE15: 18 | AF15: 33 | AG15: 160 | AH15: 1 | AI15: 10 | AJ15: 85 | AK15: 8 | AL15: 4 | AM15: 3 | AN15: 6 | AO15: 0 | AP15: 2 | AQ15: 41
C16: 其他 Other | D16: 2 | E16: 1 | F16: 0 | G16: 0 | H16: 0 | I16: 0 | J16: 1 | K16: 2 | L16: 0 | M16: 0 | N16: 0 | O16: 0 | P16: 0 | Q16: 1 | R16: 0 | S16: 1 | T16: 0 | U16: 0 | V16: 2 | W16: 1 | X16: 0 | Y16: 0 | Z16: 1 | AA16: 0 | AB16: 0 | AC16: 0 | AD16: 0 | AE16: 0 | AF16: 0 | AG16: 0 | AH16: 0 | AI16: 0 | AJ16: 0 | AK16: 0 | AL16: 0 | AM16: 0 | AN16: 0 | AO16: 0 | AP16: 0 | AQ16: 0
C17: 不詳Unknown | D17: 11 | E17: 8 | F17: 0 | G17: 0 | H17: 0 | I17: 0 | J17: 3 | K17: 11 | L17: 1 | M17: 1 | N17: 8 | O17: 0 | P17: 0 | Q17: 1 | R17: 0 | S17: 0 | T17: 0 | U17: 0 | V17: 11 | W17: 8 | X17: 1 | Y17: 0 | Z17: 0 | AA17: 0 | AB17: 0 | AC17: 0 | AD17: 2 | AE17: 0 | AF17: 0 | AG17: 43 | AH17: 0 | AI17: 0 | AJ17: 0 | AK17: 0 | AL17: 0 | AM17: 0 | AN17: 0 | AO17: 0 | AP17: 1 | AQ17: 42
A18: 臺北市 | C18: 計 Total | D18: 938 | E18: 850 | F18: 16 | G18: 12 | H18: 35 | I18: 0 | J18: 25 | K18: 938 | L18: 33 | M18: 70 | N18: 225 | O18: 184 | P18: 146 | Q18: 163 | R18: 72 | S18: 34 | T18: 9 | U18: 2 | V18: 938 | W18: 815 | X18: 21 | Y18: 2 | Z18: 47 | AA18: 0 | AB18: 1 | AC18: 5 | AD18: 10 | AE18: 16 | AF18: 21 | AG18: 784 | AH18: 3 | AI18: 19 | AJ18: 112 | AK18: 56 | AL18: 55 | AM18: 80 | AN18: 61 | AO18: 67 | AP18: 31 | AQ18: 300
C19: 男 Male | D19: 132 | E19: 119 | F19: 2 | G19: 2 | H19: 3 | I19: 0 | J19: 6 | K19: 132 | L19: 5 | M19: 22 | N19: 52 | O19: 20 | P19: 13 | Q19: 14 | R19: 3 | S19: 2 | T19: 1 | U19: 0 | V19: 132 | W19: 113 | X19: 4 | Y19: 0 | Z19: 4 | AA19: 0 | AB19: 1 | AC19: 1 | AD19: 1 | AE19: 6 | AF19: 2 | AG19: 697 | AH19: 1 | AI19: 15 | AJ19: 91 | AK19: 53 | AL19: 53 | AM19: 70 | AN19: 56 | AO19: 62 | AP19: 30 | AQ19: 266
A20: Taipei City | C20: 女 Female | D20: 800 | E20: 726 | F20: 14 | G20: 10 | H20: 31 | I20: 0 | J20: 19 | K20: 800 | L20: 28 | M20: 47 | N20: 171 | O20: 162 | P20: 132 | Q20: 149 | R20: 69 | S20: 32 | T20: 8 | U20: 2 | V20: 800 | W20: 698 | X20: 17 | Y20: 2 | Z20: 43 | AA20: 0 | AB20: 0 | AC20: 4 | AD20: 9 | AE20: 9 | AF20: 18 | AG20: 56 | AH20: 2 | AI20: 4 | AJ20: 20 | AK20: 1 | AL20: 2 | AM20: 7 | AN20: 4 | AO20: 5 | AP20: 1 | AQ20: 10
C21: 其他 Other | D21: 2 | E21: 1 | F21: 0 | G21: 0 | H21: 1 | I21: 0 | J21: 0 | K21: 2 | L21: 0 | M21: 0 | N21: 0 | O21: 2 | P21: 0 | Q21: 0 | R21: 0 | S21: 0 | T21: 0 | U21: 0 | V21: 2 | W21: 1 | X21: 0 | Y21: 0 | Z21: 0 | AA21: 0 | AB21: 0 | AC21: 0 | AD21: 0 | AE21: 0 | AF21: 1 | AG21: 0 | AH21: 0 | AI21: 0 | AJ21: 0 | AK21: 0 | AL21: 0 | AM21: 0 | AN21: 0 | AO21: 0 | AP21: 0 | AQ21: 0
C22: 不詳Unknown | D22: 4 | E22: 4 | F22: 0 | G22: 0 | H22: 0 | I22: 0 | J22: 0 | K22: 4 | L22: 0 | M22: 1 | N22: 2 | O22: 0 | P22: 1 | Q22: 0 | R22: 0 | S22: 0 | T22: 0 | U22: 0 | V22: 4 | W22: 3 | X22: 0 | Y22: 0 | Z22: 0 | AA22: 0 | AB22: 0 | AC22: 0 | AD22: 0 | AE22: 1 | AF22: 0 | AG22: 31 | AH22: 0 | AI22: 0 | AJ22: 1 | AK22: 2 | AL22: 0 | AM22: 3 | AN22: 1 | AO22: 0 | AP22: 0 | AQ22: 24
A23: 桃園市 | C23: 計 Total | D23: 1071 | E23: 923 | F23: 115 | G23: 2 | H23: 31 | I23: 0 | J23: 0 | K23: 1071 | L23: 18 | M23: 84 | N23: 479 | O23: 155 | P23: 88 | Q23: 128 | R23: 87 | S23: 26 | T23: 4 | U23: 2 | V23: 1071 | W23: 965 | X23: 39 | Y23: 1 | Z23: 38 | AA23: 1 | AB23: 8 | AC23: 2 | AD23: 11 | AE23: 4 | AF23: 2 | AG23: 1066 | AH23: 2 | AI23: 25 | AJ23: 228 | AK23: 132 | AL23: 63 | AM23: 115 | AN23: 105 | AO23: 67 | AP23: 32 | AQ23: 297
C24: 男 Male | D24: 175 | E24: 151 | F24: 22 | G24: 0 | H24: 2 | I24: 0 | J24: 0 | K24: 175 | L24: 2 | M24: 23 | N24: 108 | O24: 18 | P24: 9 | Q24: 8 | R24: 6 | S24: 1 | T24: 0 | U24: 0 | V24: 175 | W24: 154 | X24: 12 | Y24: 0 | Z24: 2 | AA24: 0 | AB24: 1 | AC24: 1 | AD24: 3 | AE24: 1 | AF24: 1 | AG24: 921 | AH24: 1 | AI24: 18 | AJ24: 152 | AK24: 124 | AL24: 62 | AM24: 115 | AN24: 97 | AO24: 64 | AP24: 32 | AQ24: 256
A25: Taoyuan City | C25: 女 Female | D25: 892 | E25: 769 | F25: 92 | G25: 2 | H25: 29 | I25: 0 | J25: 0 | K25: 892 | L25: 16 | M25: 61 | N25: 368 | O25: 137 | P25: 79 | Q25: 119 | R25: 81 | S25: 25 | T25: 4 | U25: 2 | V25: 892 | W25: 807 | X25: 27 | Y25: 1 | Z25: 36 | AA25: 1 | AB25: 7 | AC25: 1 | AD25: 8 | AE25: 3 | AF25: 1 | AG25: 114 | AH25: 1 | AI25: 7 | AJ25: 76 | AK25: 6 | AL25: 1 | AM25: 0 | AN25: 7 | AO25: 3 | AP25: 0 | AQ25: 13
C26: 其他 Other | D26: 0 | E26: 0 | F26: 0 | G26: 0 | H26: 0 | I26: 0 | J26: 0 | K26: 0 | L26: 0 | M26: 0 | N26: 0 | O26: 0 | P26: 0 | Q26: 0 | R26: 0 | S26: 0 | T26: 0 | U26: 0 | V26: 0 | W26: 0 | X26: 0 | Y26: 0 | Z26: 0 | AA26: 0 | AB26: 0 | AC26: 0 | AD26: 0 | AE26: 0 | AF26: 0 | AG26: 0 | AH26: 0 | AI26: 0 | AJ26: 0 | AK26: 0 | AL26: 0 | AM26: 0 | AN26: 0 | AO26: 0 | AP26: 0 | AQ26: 0
C27: 不詳Unknown | D27: 4 | E27: 3 | F27: 1 | G27: 0 | H27: 0 | I27: 0 | J27: 0 | K27: 4 | L27: 0 | M27: 0 | N27: 3 | O27: 0 | P27: 0 | Q27: 1 | R27: 0 | S27: 0 | T27: 0 | U27: 0 | V27: 4 | W27: 4 | X27: 0 | Y27: 0 | Z27: 0 | AA27: 0 | AB27: 0 | AC27: 0 | AD27: 0 | AE27: 0 | AF27: 0 | AG27: 31 | AH27: 0 | AI27: 0 | AJ27: 0 | AK27: 2 | AL27: 0 | AM27: 0 | AN27: 1 | AO27: 0 | AP27: 0 | AQ27: 28
A28: 臺中市 | C28: 計 Total | D28: 1234 | E28: 1119 | F28: 52 | G28: 6 | H28: 18 | I28: 0 | J28: 39 | K28: 1234 | L28: 35 | M28: 96 | N28: 434 | O28: 205 | P28: 159 | Q28: 171 | R28: 86 | S28: 37 | T28: 7 | U28: 4 | V28: 1234 | W28: 1119 | X28: 30 | Y28: 0 | Z28: 37 | AA28: 3 | AB28: 6 | AC28: 4 | AD28: 10 | AE28: 17 | AF28: 8 | AG28: 1038 | AH28: 2 | AI28: 18 | AJ28: 191 | AK28: 113 | AL28: 89 | AM28: 131 | AN28: 103 | AO28: 78 | AP28: 32 | AQ28: 281
C29: 男 Male | D29: 235 | E29: 204 | F29: 14 | G29: 0 | H29: 1 | I29: 0 | J29: 16 | K29: 235 | L29: 3 | M29: 38 | N29: 122 | O29: 21 | P29: 21 | Q29: 23 | R29: 4 | S29: 3 | T29: 0 | U29: 0 | V29: 235 | W29: 211 | X29: 7 | Y29: 0 | Z29: 4 | AA29: 1 | AB29: 2 | AC29: 0 | AD29: 5 | AE29: 5 | AF29: 0 | AG29: 910 | AH29: 2 | AI29: 13 | AJ29: 137 | AK29: 109 | AL29: 89 | AM29: 125 | AN29: 98 | AO29: 78 | AP29: 31 | AQ29: 228
A30: Taichung City | C30: 女 Female | D30: 990 | E30: 908 | F30: 38 | G30: 6 | H30: 17 | I30: 0 | J30: 21 | K30: 990 | L30: 32 | M30: 58 | N30: 304 | O30: 184 | P30: 138 | Q30: 147 | R30: 82 | S30: 34 | T30: 7 | U30: 4 | V30: 990 | W30: 899 | X30: 23 | Y30: 0 | Z30: 33 | AA30: 2 | AB30: 4 | AC30: 4 | AD30: 5 | AE30: 12 | AF30: 8 | AG30: 93 | AH30: 0 | AI30: 5 | AJ30: 52 | AK30: 3 | AL30: 0 | AM30: 6 | AN30: 5 | AO30: 0 | AP30: 1 | AQ30: 21
C31: 其他 Other | D31: 0 | E31: 0 | F31: 0 | G31: 0 | H31: 0 | I31: 0 | J31: 0 | K31: 0 | L31: 0 | M31: 0 | N31: 0 | O31: 0 | P31: 0 | Q31: 0 | R31: 0 | S31: 0 | T31: 0 | U31: 0 | V31: 0 | W31: 0 | X31: 0 | Y31: 0 | Z31: 0 | AA31: 0 | AB31: 0 | AC31: 0 | AD31: 0 | AE31: 0 | AF31: 0 | AG31: 0 | AH31: 0 | AI31: 0 | AJ31: 0 | AK31: 0 | AL31: 0 | AM31: 0 | AN31: 0 | AO31: 0 | AP31: 0 | AQ31: 0
C32: 不詳Unknown | D32: 9 | E32: 7 | F32: 0 | G32: 0 | H32: 0 | I32: 0 | J32: 2 | K32: 9 | L32: 0 | M32: 0 | N32: 8 | O32: 0 | P32: 0 | Q32: 1 | R32: 0 | S32: 0 | T32: 0 | U32: 0 | V32: 9 | W32: 9 | X32: 0 | Y32: 0 | Z32: 0 | AA32: 0 | AB32: 0 | AC32: 0 | AD32: 0 | AE32: 0 | AF32: 0 | AG32: 35 | AH32: 0 | AI32: 0 | AJ32: 2 | AK32: 1 | AL32: 0 | AM32: 0 | AN32: 0 | AO32: 0 | AP32: 0 | AQ32: 32
A33: 臺南市 | C33: 計 Total | D33: 639 | E33: 613 | F33: 15 | G33: 1 | H33: 7 | I33: 0 | J33: 3 | K33: 639 | L33: 22 | M33: 55 | N33: 233 | O33: 103 | P33: 69 | Q33: 72 | R33: 53 | S33: 21 | T33: 10 | U33: 1 | V33: 639 | W33: 561 | X33: 31 | Y33: 1 | Z33: 20 | AA33: 0 | AB33: 1 | AC33: 0 | AD33: 10 | AE33: 10 | AF33: 5 | AG33: 597 | AH33: 0 | AI33: 15 | AJ33: 112 | AK33: 78 | AL33: 54 | AM33: 72 | AN33: 58 | AO33: 61 | AP33: 28 | AQ33: 119
C34: 男 Male | D34: 118 | E34: 114 | F34: 2 | G34: 1 | H34: 1 | I34: 0 | J34: 0 | K34: 118 | L34: 4 | M34: 18 | N34: 67 | O34: 11 | P34: 8 | Q34: 8 | R34: 2 | S34: 0 | T34: 0 | U34: 0 | V34: 118 | W34: 101 | X34: 7 | Y34: 0 | Z34: 3 | AA34: 0 | AB34: 0 | AC34: 0 | AD34: 2 | AE34: 4 | AF34: 1 | AG34: 532 | AH34: 0 | AI34: 15 | AJ34: 72 | AK34: 74 | AL34: 52 | AM34: 72 | AN34: 57 | AO34: 59 | AP34: 28 | AQ34: 103
A35: Tainan City | C35: 女 Female | D35: 520 | E35: 499 | F35: 13 | G35: 0 | H35: 6 | I35: 0 | J35: 2 | K35: 520 | L35: 18 | M35: 37 | N35: 166 | O35: 92 | P35: 60 | Q35: 64 | R35: 51 | S35: 21 | T35: 10 | U35: 1 | V35: 520 | W35: 460 | X35: 24 | Y35: 1 | Z35: 17 | AA35: 0 | AB35: 1 | AC35: 0 | AD35: 8 | AE35: 6 | AF35: 3 | AG35: 55 | AH35: 0 | AI35: 0 | AJ35: 40 | AK35: 4 | AL35: 2 | AM35: 0 | AN35: 1 | AO35: 2 | AP35: 0 | AQ35: 6
C36: 其他 Other | D36: 0 | E36: 0 | F36: 0 | G36: 0 | H36: 0 | I36: 0 | J36: 0 | K36: 0 | L36: 0 | M36: 0 | N36: 0 | O36: 0 | P36: 0 | Q36: 0 | R36: 0 | S36: 0 | T36: 0 | U36: 0 | V36: 0 | W36: 0 | X36: 0 | Y36: 0 | Z36: 0 | AA36: 0 | AB36: 0 | AC36: 0 | AD36: 0 | AE36: 0 | AF36: 0 | AG36: 0 | AH36: 0 | AI36: 0 | AJ36: 0 | AK36: 0 | AL36: 0 | AM36: 0 | AN36: 0 | AO36: 0 | AP36: 0 | AQ36: 0
C37: 不詳Unknown | D37: 1 | E37: 0 | F37: 0 | G37: 0 | H37: 0 | I37: 0 | J37: 1 | K37: 1 | L37: 0 | M37: 0 | N37: 0 | O37: 0 | P37: 1 | Q37: 0 | R37: 0 | S37: 0 | T37: 0 | U37: 0 | V37: 1 | W37: 0 | X37: 0 | Y37: 0 | Z37: 0 | AA37: 0 | AB37: 0 | AC37: 0 | AD37: 0 | AE37: 0 | AF37: 1 | AG37: 10 | AH37: 0 | AI37: 0 | AJ37: 0 | AK37: 0 | AL37: 0 | AM37: 0 | AN37: 0 | AO37: 0 | AP37: 0 | AQ37: 10
A38: 高雄市 | C38: 計 Total | D38: 983 | E38: 914 | F38: 49 | G38: 5 | H38: 15 | I38: 0 | J38: 0 | K38: 983 | L38: 40 | M38: 81 | N38: 367 | O38: 172 | P38: 94 | Q38: 111 | R38: 72 | S38: 34 | T38: 10 | U38: 2 | V38: 983 | W38: 870 | X38: 48 | Y38: 0 | Z38: 34 | AA38: 5 | AB38: 0 | AC38: 5 | AD38: 4 | AE38: 10 | AF38: 7 | AG38: 880 | AH38: 6 | AI38: 34 | AJ38: 175 | AK38: 110 | AL38: 77 | AM38: 99 | AN38: 81 | AO38: 82 | AP38: 29 | AQ38: 187
C39: 男 Male | D39: 163 | E39: 147 | F39: 14 | G39: 0 | H39: 2 | I39: 0 | J39: 0 | K39: 163 | L39: 6 | M39: 29 | N39: 82 | O39: 22 | P39: 7 | Q39: 11 | R39: 3 | S39: 3 | T39: 0 | U39: 0 | V39: 163 | W39: 145 | X39: 8 | Y39: 0 | Z39: 3 | AA39: 2 | AB39: 0 | AC39: 1 | AD39: 1 | AE39: 3 | AF39: 0 | AG39: 781 | AH39: 5 | AI39: 30 | AJ39: 121 | AK39: 104 | AL39: 77 | AM39: 93 | AN39: 78 | AO39: 82 | AP39: 29 | AQ39: 162
A40: Kaohsiung City | C40: 女 Female | D40: 819 | E40: 766 | F40: 35 | G40: 5 | H40: 13 | I40: 0 | J40: 0 | K40: 819 | L40: 34 | M40: 52 | N40: 285 | O40: 150 | P40: 87 | Q40: 99 | R40: 69 | S40: 31 | T40: 10 | U40: 2 | V40: 819 | W40: 724 | X40: 40 | Y40: 0 | Z40: 31 | AA40: 3 | AB40: 0 | AC40: 4 | AD40: 3 | AE40: 7 | AF40: 7 | AG40: 77 | AH40: 1 | AI40: 4 | AJ40: 54 | AK40: 5 | AL40: 0 | AM40: 5 | AN40: 3 | AO40: 0 | AP40: 0 | AQ40: 5
C41: 其他 Other | D41: 1 | E41: 1 | F41: 0 | G41: 0 | H41: 0 | I41: 0 | J41: 0 | K41: 1 | L41: 0 | M41: 0 | N41: 0 | O41: 0 | P41: 0 | Q41: 1 | R41: 0 | S41: 0 | T41: 0 | U41: 0 | V41: 1 | W41: 1 | X41: 0 | Y41: 0 | Z41: 0 | AA41: 0 | AB41: 0 | AC41: 0 | AD41: 0 | AE41: 0 | AF41: 0 | AG41: 0 | AH41: 0 | AI41: 0 | AJ41: 0 | AK41: 0 | AL41: 0 | AM41: 0 | AN41: 0 | AO41: 0 | AP41: 0 | AQ41: 0
C42: 不詳Unknown | D42: 0 | E42: 0 | F42: 0 | G42: 0 | H42: 0 | I42: 0 | J42: 0 | K42: 0 | L42: 0 | M42: 0 | N42: 0 | O42: 0 | P42: 0 | Q42: 0 | R42: 0 | S42: 0 | T42: 0 | U42: 0 | V42: 0 | W42: 0 | X42: 0 | Y42: 0 | Z42: 0 | AA42: 0 | AB42: 0 | AC42: 0 | AD42: 0 | AE42: 0 | AF42: 0 | AG42: 22 | AH42: 0 | AI42: 0 | AJ42: 0 | AK42: 1 | AL42: 0 | AM42: 1 | AN42: 0 | AO42: 0 | AP42: 0 | AQ42: 20
B43: 宜蘭縣 | C43: 計 Total | D43: 168 | E43: 137 | F43: 25 | G43: 0 | H43: 2 | I43: 0 | J43: 4 | K43: 168 | L43: 6 | M43: 20 | N43: 87 | O43: 19 | P43: 9 | Q43: 11 | R43: 9 | S43: 4 | T43: 3 | U43: 0 | V43: 168 | W43: 149 | X43: 12 | Y43: 0 | Z43: 1 | AA43: 0 | AB43: 0 | AC43: 1 | AD43: 2 | AE43: 2 | AF43: 1 | AG43: 148 | AH43: 0 | AI43: 9 | AJ43: 27 | AK43: 27 | AL43: 4 | AM43: 15 | AN43: 8 | AO43: 14 | AP43: 5 | AQ43: 39
C44: 男 Male | D44: 30 | E44: 21 | F44: 8 | G44: 0 | H44: 1 | I44: 0 | J44: 0 | K44: 30 | L44: 2 | M44: 2 | N44: 18 | O44: 2 | P44: 3 | Q44: 1 | R44: 1 | S44: 0 | T44: 1 | U44: 0 | V44: 30 | W44: 25 | X44: 3 | Y44: 0 | Z44: 0 | AA44: 0 | AB44: 0 | AC44: 0 | AD44: 1 | AE44: 1 | AF44: 0 | AG44: 129 | AH44: 0 | AI44: 7 | AJ44: 17 | AK44: 26 | AL44: 4 | AM44: 15 | AN44: 8 | AO44: 13 | AP44: 5 | AQ44: 34
B45: Yilan County | C45: 女 Female | D45: 136 | E45: 115 | F45: 17 | G45: 0 | H45: 1 | I45: 0 | J45: 3 | K45: 136 | L45: 4 | M45: 18 | N45: 68 | O45: 17 | P45: 6 | Q45: 9 | R45: 8 | S45: 4 | T45: 2 | U45: 0 | V45: 136 | W45: 122 | X45: 9 | Y45: 0 | Z45: 1 | AA45: 0 | AB45: 0 | AC45: 1 | AD45: 1 | AE45: 1 | AF45: 1 | AG45: 15 | AH45: 0 | AI45: 2 | AJ45: 9 | AK45: 1 | AL45: 0 | AM45: 0 | AN45: 0 | AO45: 1 | AP45: 0 | AQ45: 2
C46: 其他 Other | D46: 0 | E46: 0 | F46: 0 | G46: 0 | H46: 0 | I46: 0 | J46: 0 | K46: 0 | L46: 0 | M46: 0 | N46: 0 | O46: 0 | P46: 0 | Q46: 0 | R46: 0 | S46: 0 | T46: 0 | U46: 0 | V46: 0 | W46: 0 | X46: 0 | Y46: 0 | Z46: 0 | AA46: 0 | AB46: 0 | AC46: 0 | AD46: 0 | AE46: 0 | AF46: 0 | AG46: 0 | AH46: 0 | AI46: 0 | AJ46: 0 | AK46: 0 | AL46: 0 | AM46: 0 | AN46: 0 | AO46: 0 | AP46: 0 | AQ46: 0
C47: 不詳Unknown | D47: 2 | E47: 1 | F47: 0 | G47: 0 | H47: 0 | I47: 0 | J47: 1 | K47: 2 | L47: 0 | M47: 0 | N47: 1 | O47: 0 | P47: 0 | Q47: 1 | R47: 0 | S47: 0 | T47: 0 | U47: 0 | V47: 2 | W47: 2 | X47: 0 | Y47: 0 | Z47: 0 | AA47: 0 | AB47: 0 | AC47: 0 | AD47: 0 | AE47: 0 | AF47: 0 | AG47: 4 | AH47: 0 | AI47: 0 | AJ47: 1 | AK47: 0 | AL47: 0 | AM47: 0 | AN47: 0 | AO47: 0 | AP47: 0 | AQ47: 3
B48: 新竹縣 | C48: 計 Total | D48: 288 | E48: 215 | F48: 49 | G48: 1 | H48: 11 | I48: 0 | J48: 12 | K48: 288 | L48: 4 | M48: 44 | N48: 125 | O48: 29 | P48: 24 | Q48: 31 | R48: 21 | S48: 7 | T48: 1 | U48: 2 | V48: 288 | W48: 257 | X48: 17 | Y48: 0 | Z48: 5 | AA48: 0 | AB48: 1 | AC48: 1 | AD48: 4 | AE48: 2 | AF48: 1 | AG48: 221 | AH48: 0 | AI48: 6 | AJ48: 52 | AK48: 25 | AL48: 12 | AM48: 22 | AN48: 20 | AO48: 15 | AP48: 11 | AQ48: 58
C49: 男 Male | D49: 43 | E49: 28 | F49: 13 | G49: 0 | H49: 0 | I49: 0 | J49: 2 | K49: 43 | L49: 0 | M49: 14 | N49: 23 | O49: 1 | P49: 3 | Q49: 1 | R49: 1 | S49: 0 | T49: 0 | U49: 0 | V49: 43 | W49: 39 | X49: 1 | Y49: 0 | Z49: 3 | AA49: 0 | AB49: 0 | AC49: 0 | AD49: 0 | AE49: 0 | AF49: 0 | AG49: 197 | AH49: 0 | AI49: 4 | AJ49: 39 | AK49: 24 | AL49: 12 | AM49: 22 | AN49: 19 | AO49: 15 | AP49: 11 | AQ49: 51
B50: Hsinchu County | C50: 女 Female | D50: 241 | E50: 185 | F50: 34 | G50: 1 | H50: 11 | I50: 0 | J50: 10 | K50: 241 | L50: 4 | M50: 30 | N50: 98 | O50: 28 | P50: 21 | Q50: 30 | R50: 20 | S50: 7 | T50: 1 | U50: 2 | V50: 241 | W50: 214 | X50: 16 | Y50: 0 | Z50: 2 | AA50: 0 | AB50: 1 | AC50: 1 | AD50: 4 | AE50: 2 | AF50: 1 | AG50: 17 | AH50: 0 | AI50: 2 | AJ50: 13 | AK50: 1 | AL50: 0 | AM50: 0 | AN50: 1 | AO50: 0 | AP50: 0 | AQ50: 0
C51: 其他 Other | D51: 1 | E51: 1 | F51: 0 | G51: 0 | H51: 0 | I51: 0 | J51: 0 | K51: 1 | L51: 0 | M51: 0 | N51: 1 | O51: 0 | P51: 0 | Q51: 0 | R51: 0 | S51: 0 | T51: 0 | U51: 0 | V51: 1 | W51: 1 | X51: 0 | Y51: 0 | Z51: 0 | AA51: 0 | AB51: 0 | AC51: 0 | AD51: 0 | AE51: 0 | AF51: 0 | AG51: 0 | AH51: 0 | AI51: 0 | AJ51: 0 | AK51: 0 | AL51: 0 | AM51: 0 | AN51: 0 | AO51: 0 | AP51: 0 | AQ51: 0
C52: 不詳Unknown | D52: 3 | E52: 1 | F52: 2 | G52: 0 | H52: 0 | I52: 0 | J52: 0 | K52: 3 | L52: 0 | M52: 0 | N52: 3 | O52: 0 | P52: 0 | Q52: 0 | R52: 0 | S52: 0 | T52: 0 | U52: 0 | V52: 3 | W52: 3 | X52: 0 | Y52: 0 | Z52: 0 | AA52: 0 | AB52: 0 | AC52: 0 | AD52: 0 | AE52: 0 | AF52: 0 | AG52: 7 | AH52: 0 | AI52: 0 | AJ52: 0 | AK52: 0 | AL52: 0 | AM52: 0 | AN52: 0 | AO52: 0 | AP52: 0 | AQ52: 7
B53: 苗栗縣 | C53: 計 Total | D53: 170 | E53: 155 | F53: 11 | G53: 0 | H53: 2 | I53: 0 | J53: 2 | K53: 170 | L53: 4 | M53: 21 | N53: 73 | O53: 26 | P53: 15 | Q53: 13 | R53: 13 | S53: 4 | T53: 1 | U53: 0 | V53: 170 | W53: 147 | X53: 11 | Y53: 0 | Z53: 4 | AA53: 1 | AB53: 1 | AC53: 0 | AD53: 5 | AE53: 1 | AF53: 0 | AG53: 161 | AH53: 0 | AI53: 1 | AJ53: 37 | AK53: 27 | AL53: 13 | AM53: 19 | AN53: 17 | AO53: 8 | AP53: 10 | AQ53: 29
C54: 男 Male | D54: 25 | E54: 23 | F54: 2 | G54: 0 | H54: 0 | I54: 0 | J54: 0 | K54: 25 | L54: 0 | M54: 4 | N54: 16 | O54: 3 | P54: 0 | Q54: 1 | R54: 1 | S54: 0 | T54: 0 | U54: 0 | V54: 25 | W54: 23 | X54: 1 | Y54: 0 | Z54: 0 | AA54: 0 | AB54: 0 | AC54: 0 | AD54: 1 | AE54: 0 | AF54: 0 | AG54: 152 | AH54: 0 | AI54: 1 | AJ54: 33 | AK54: 27 | AL54: 12 | AM54: 18 | AN54: 17 | AO54: 8 | AP54: 10 | AQ54: 26
B55: Miaoli County | C55: 女 Female | D55: 145 | E55: 132 | F55: 9 | G55: 0 | H55: 2 | I55: 0 | J55: 2 | K55: 145 | L55: 4 | M55: 17 | N55: 57 | O55: 23 | P55: 15 | Q55: 12 | R55: 12 | S55: 4 | T55: 1 | U55: 0 | V55: 145 | W55: 124 | X55: 10 | Y55: 0 | Z55: 4 | AA55: 1 | AB55: 1 | AC55: 0 | AD55: 4 | AE55: 1 | AF55: 0 | AG55: 5 | AH55: 0 | AI55: 0 | AJ55: 4 | AK55: 0 | AL55: 0 | AM55: 1 | AN55: 0 | AO55: 0 | AP55: 0 | AQ55: 0
C56: 其他 Other | D56: 0 | E56: 0 | F56: 0 | G56: 0 | H56: 0 | I56: 0 | J56: 0 | K56: 0 | L56: 0 | M56: 0 | N56: 0 | O56: 0 | P56: 0 | Q56: 0 | R56: 0 | S56: 0 | T56: 0 | U56: 0 | V56: 0 | W56: 0 | X56: 0 | Y56: 0 | Z56: 0 | AA56: 0 | AB56: 0 | AC56: 0 | AD56: 0 | AE56: 0 | AF56: 0 | AG56: 0 | AH56: 0 | AI56: 0 | AJ56: 0 | AK56: 0 | AL56: 0 | AM56: 0 | AN56: 0 | AO56: 0 | AP56: 0 | AQ56: 0
C57: 不詳Unknown | D57: 0 | E57: 0 | F57: 0 | G57: 0 | H57: 0 | I57: 0 | J57: 0 | K57: 0 | L57: 0 | M57: 0 | N57: 0 | O57: 0 | P57: 0 | Q57: 0 | R57: 0 | S57: 0 | T57: 0 | U57: 0 | V57: 0 | W57: 0 | X57: 0 | Y57: 0 | Z57: 0 | AA57: 0 | AB57: 0 | AC57: 0 | AD57: 0 | AE57: 0 | AF57: 0 | AG57: 4 | AH57: 0 | AI57: 0 | AJ57: 0 | AK57: 0 | AL57: 1 | AM57: 0 | AN57: 0 | AO57: 0 | AP57: 0 | AQ57: 3
B58: 彰化縣 | C58: 計 Total | D58: 444 | E58: 407 | F58: 17 | G58: 1 | H58: 8 | I58: 0 | J58: 11 | K58: 444 | L58: 9 | M58: 44 | N58: 225 | O58: 55 | P58: 28 | Q58: 39 | R58: 27 | S58: 13 | T58: 4 | U58: 0 | V58: 444 | W58: 370 | X58: 37 | Y58: 1 | Z58: 19 | AA58: 2 | AB58: 3 | AC58: 3 | AD58: 5 | AE58: 2 | AF58: 2 | AG58: 420 | AH58: 1 | AI58: 13 | AJ58: 106 | AK58: 54 | AL58: 24 | AM58: 37 | AN58: 39 | AO58: 27 | AP58: 22 | AQ58: 97
C59: 男 Male | D59: 90 | E59: 88 | F59: 0 | G59: 0 | H59: 0 | I59: 0 | J59: 2 | K59: 90 | L59: 1 | M59: 17 | N59: 51 | O59: 5 | P59: 4 | Q59: 8 | R59: 2 | S59: 2 | T59: 0 | U59: 0 | V59: 90 | W59: 74 | X59: 10 | Y59: 0 | Z59: 4 | AA59: 0 | AB59: 0 | AC59: 0 | AD59: 2 | AE59: 0 | AF59: 0 | AG59: 360 | AH59: 0 | AI59: 11 | AJ59: 74 | AK59: 50 | AL59: 24 | AM59: 36 | AN59: 37 | AO59: 26 | AP59: 22 | AQ59: 80
B60: Changhua County | C60: 女 Female | D60: 350 | E60: 315 | F60: 17 | G60: 1 | H60: 8 | I60: 0 | J60: 9 | K60: 350 | L60: 8 | M60: 27 | N60: 170 | O60: 50 | P60: 24 | Q60: 31 | R60: 25 | S60: 11 | T60: 4 | U60: 0 | V60: 350 | W60: 292 | X60: 27 | Y60: 1 | Z60: 15 | AA60: 2 | AB60: 3 | AC60: 3 | AD60: 3 | AE60: 2 | AF60: 2 | AG60: 44 | AH60: 1 | AI60: 2 | AJ60: 32 | AK60: 3 | AL60: 0 | AM60: 1 | AN60: 2 | AO60: 0 | AP60: 0 | AQ60: 3
C61: 其他 Other | D61: 0 | E61: 0 | F61: 0 | G61: 0 | H61: 0 | I61: 0 | J61: 0 | K61: 0 | L61: 0 | M61: 0 | N61: 0 | O61: 0 | P61: 0 | Q61: 0 | R61: 0 | S61: 0 | T61: 0 | U61: 0 | V61: 0 | W61: 0 | X61: 0 | Y61: 0 | Z61: 0 | AA61: 0 | AB61: 0 | AC61: 0 | AD61: 0 | AE61: 0 | AF61: 0 | AG61: 0 | AH61: 0 | AI61: 0 | AJ61: 0 | AK61: 0 | AL61: 0 | AM61: 0 | AN61: 0 | AO61: 0 | AP61: 0 | AQ61: 0
C62: 不詳Unknown | D62: 4 | E62: 4 | F62: 0 | G62: 0 | H62: 0 | I62: 0 | J62: 0 | K62: 4 | L62: 0 | M62: 0 | N62: 4 | O62: 0 | P62: 0 | Q62: 0 | R62: 0 | S62: 0 | T62: 0 | U62: 0 | V62: 4 | W62: 4 | X62: 0 | Y62: 0 | Z62: 0 | AA62: 0 | AB62: 0 | AC62: 0 | AD62: 0 | AE62: 0 | AF62: 0 | AG62: 16 | AH62: 0 | AI62: 0 | AJ62: 0 | AK62: 1 | AL62: 0 | AM62: 0 | AN62: 0 | AO62: 1 | AP62: 0 | AQ62: 14
B63: 南投縣 | C63: 計 Total | D63: 183 | E63: 143 | F63: 33 | G63: 0 | H63: 4 | I63: 0 | J63: 3 | K63: 183 | L63: 3 | M63: 19 | N63: 85 | O63: 30 | P63: 16 | Q63: 12 | R63: 13 | S63: 2 | T63: 2 | U63: 1 | V63: 183 | W63: 164 | X63: 7 | Y63: 1 | Z63: 3 | AA63: 0 | AB63: 0 | AC63: 2 | AD63: 4 | AE63: 0 | AF63: 2 | AG63: 174 | AH63: 0 | AI63: 4 | AJ63: 43 | AK63: 34 | AL63: 11 | AM63: 10 | AN63: 15 | AO63: 12 | AP63: 7 | AQ63: 38
C64: 男 Male | D64: 63 | E64: 51 | F64: 10 | G64: 0 | H64: 0 | I64: 0 | J64: 2 | K64: 63 | L64: 0 | M64: 10 | N64: 24 | O64: 16 | P64: 6 | Q64: 2 | R64: 3 | S64: 1 | T64: 0 | U64: 1 | V64: 63 | W64: 57 | X64: 1 | Y64: 0 | Z64: 1 | AA64: 0 | AB64: 0 | AC64: 0 | AD64: 3 | AE64: 0 | AF64: 1 | AG64: 152 | AH64: 0 | AI64: 3 | AJ64: 34 | AK64: 31 | AL64: 11 | AM64: 10 | AN64: 13 | AO64: 12 | AP64: 7 | AQ64: 31
B65: Nantou County | C65: 女 Female | D65: 120 | E65: 92 | F65: 23 | G65: 0 | H65: 4 | I65: 0 | J65: 1 | K65: 120 | L65: 3 | M65: 9 | N65: 61 | O65: 14 | P65: 10 | Q65: 10 | R65: 10 | S65: 1 | T65: 2 | U65: 0 | V65: 120 | W65: 107 | X65: 6 | Y65: 1 | Z65: 2 | AA65: 0 | AB65: 0 | AC65: 2 | AD65: 1 | AE65: 0 | AF65: 1 | AG65: 18 | AH65: 0 | AI65: 1 | AJ65: 9 | AK65: 3 | AL65: 0 | AM65: 0 | AN65: 2 | AO65: 0 | AP65: 0 | AQ65: 3
C66: 其他 Other | D66: 0 | E66: 0 | F66: 0 | G66: 0 | H66: 0 | I66: 0 | J66: 0 | K66: 0 | L66: 0 | M66: 0 | N66: 0 | O66: 0 | P66: 0 | Q66: 0 | R66: 0 | S66: 0 | T66: 0 | U66: 0 | V66: 0 | W66: 0 | X66: 0 | Y66: 0 | Z66: 0 | AA66: 0 | AB66: 0 | AC66: 0 | AD66: 0 | AE66: 0 | AF66: 0 | AG66: 0 | AH66: 0 | AI66: 0 | AJ66: 0 | AK66: 0 | AL66: 0 | AM66: 0 | AN66: 0 | AO66: 0 | AP66: 0 | AQ66: 0
C67: 不詳Unknown | D67: 0 | E67: 0 | F67: 0 | G67: 0 | H67: 0 | I67: 0 | J67: 0 | K67: 0 | L67: 0 | M67: 0 | N67: 0 | O67: 0 | P67: 0 | Q67: 0 | R67: 0 | S67: 0 | T67: 0 | U67: 0 | V67: 0 | W67: 0 | X67: 0 | Y67: 0 | Z67: 0 | AA67: 0 | AB67: 0 | AC67: 0 | AD67: 0 | AE67: 0 | AF67: 0 | AG67: 4 | AH67: 0 | AI67: 0 | AJ67: 0 | AK67: 0 | AL67: 0 | AM67: 0 | AN67: 0 | AO67: 0 | AP67: 0 | AQ67: 4
B68: 雲林縣 | C68: 計 Total | D68: 166 | E68: 161 | F68: 3 | G68: 0 | H68: 1 | I68: 0 | J68: 1 | K68: 166 | L68: 7 | M68: 16 | N68: 76 | O68: 20 | P68: 14 | Q68: 17 | R68: 8 | S68: 8 | T68: 0 | U68: 0 | V68: 166 | W68: 140 | X68: 14 | Y68: 0 | Z68: 6 | AA68: 0 | AB68: 0 | AC68: 0 | AD68: 3 | AE68: 2 | AF68: 1 | AG68: 171 | AH68: 0 | AI68: 1 | AJ68: 37 | AK68: 11 | AL68: 18 | AM68: 13 | AN68: 19 | AO68: 8 | AP68: 3 | AQ68: 61
C69: 男 Male | D69: 17 | E69: 16 | F69: 1 | G69: 0 | H69: 0 | I69: 0 | J69: 0 | K69: 17 | L69: 2 | M69: 1 | N69: 11 | O69: 2 | P69: 0 | Q69: 1 | R69: 0 | S69: 0 | T69: 0 | U69: 0 | V69: 17 | W69: 14 | X69: 2 | Y69: 0 | Z69: 0 | AA69: 0 | AB69: 0 | AC69: 0 | AD69: 0 | AE69: 1 | AF69: 0 | AG69: 152 | AH69: 0 | AI69: 1 | AJ69: 28 | AK69: 10 | AL69: 17 | AM69: 13 | AN69: 18 | AO69: 8 | AP69: 3 | AQ69: 54
B70: Yunlin County | C70: 女 Female | D70: 149 | E70: 145 | F70: 2 | G70: 0 | H70: 1 | I70: 0 | J70: 1 | K70: 149 | L70: 5 | M70: 15 | N70: 65 | O70: 18 | P70: 14 | Q70: 16 | R70: 8 | S70: 8 | T70: 0 | U70: 0 | V70: 149 | W70: 126 | X70: 12 | Y70: 0 | Z70: 6 | AA70: 0 | AB70: 0 | AC70: 0 | AD70: 3 | AE70: 1 | AF70: 1 | AG70: 14 | AH70: 0 | AI70: 0 | AJ70: 9 | AK70: 1 | AL70: 1 | AM70: 0 | AN70: 1 | AO70: 0 | AP70: 0 | AQ70: 2
C71: 其他 Other | D71: 0 | E71: 0 | F71: 0 | G71: 0 | H71: 0 | I71: 0 | J71: 0 | K71: 0 | L71: 0 | M71: 0 | N71: 0 | O71: 0 | P71: 0 | Q71: 0 | R71: 0 | S71: 0 | T71: 0 | U71: 0 | V71: 0 | W71: 0 | X71: 0 | Y71: 0 | Z71: 0 | AA71: 0 | AB71: 0 | AC71: 0 | AD71: 0 | AE71: 0 | AF71: 0 | AG71: 0 | AH71: 0 | AI71: 0 | AJ71: 0 | AK71: 0 | AL71: 0 | AM71: 0 | AN71: 0 | AO71: 0 | AP71: 0 | AQ71: 0
C72: 不詳Unknown | D72: 0 | E72: 0 | F72: 0 | G72: 0 | H72: 0 | I72: 0 | J72: 0 | K72: 0 | L72: 0 | M72: 0 | N72: 0 | O72: 0 | P72: 0 | Q72: 0 | R72: 0 | S72: 0 | T72: 0 | U72: 0 | V72: 0 | W72: 0 | X72: 0 | Y72: 0 | Z72: 0 | AA72: 0 | AB72: 0 | AC72: 0 | AD72: 0 | AE72: 0 | AF72: 0 | AG72: 5 | AH72: 0 | AI72: 0 | AJ72: 0 | AK72: 0 | AL72: 0 | AM72: 0 | AN72: 0 | AO72: 0 | AP72: 0 | AQ72: 5
B73: 嘉義縣 | C73: 計 Total | D73: 139 | E73: 127 | F73: 10 | G73: 1 | H73: 0 | I73: 0 | J73: 1 | K73: 139 | L73: 1 | M73: 10 | N73: 68 | O73: 18 | P73: 12 | Q73: 22 | R73: 5 | S73: 3 | T73: 0 | U73: 0 | V73: 139 | W73: 114 | X73: 13 | Y73: 0 | Z73: 7 | AA73: 0 | AB73: 0 | AC73: 2 | AD73: 1 | AE73: 1 | AF73: 1 | AG73: 120 | AH73: 0 | AI73: 2 | AJ73: 29 | AK73: 17 | AL73: 12 | AM73: 11 | AN73: 10 | AO73: 6 | AP73: 9 | AQ73: 24
C74: 男 Male | D74: 33 | E74: 27 | F74: 6 | G74: 0 | H74: 0 | I74: 0 | J74: 0 | K74: 33 | L74: 0 | M74: 4 | N74: 23 | O74: 1 | P74: 1 | Q74: 4 | R74: 0 | S74: 0 | T74: 0 | U74: 0 | V74: 33 | W74: 27 | X74: 3 | Y74: 0 | Z74: 1 | AA74: 0 | AB74: 0 | AC74: 1 | AD74: 1 | AE74: 0 | AF74: 0 | AG74: 99 | AH74: 0 | AI74: 2 | AJ74: 15 | AK74: 13 | AL74: 10 | AM74: 11 | AN74: 10 | AO74: 6 | AP74: 9 | AQ74: 23
B75: Chiayi County | C75: 女 Female | D75: 106 | E75: 100 | F75: 4 | G75: 1 | H75: 0 | I75: 0 | J75: 1 | K75: 106 | L75: 1 | M75: 6 | N75: 45 | O75: 17 | P75: 11 | Q75: 18 | R75: 5 | S75: 3 | T75: 0 | U75: 0 | V75: 106 | W75: 87 | X75: 10 | Y75: 0 | Z75: 6 | AA75: 0 | AB75: 0 | AC75: 1 | AD75: 0 | AE75: 1 | AF75: 1 | AG75: 20 | AH75: 0 | AI75: 0 | AJ75: 14 | AK75: 4 | AL75: 2 | AM75: 0 | AN75: 0 | AO75: 0 | AP75: 0 | AQ75: 0
C76: 其他 Other | D76: 0 | E76: 0 | F76: 0 | G76: 0 | H76: 0 | I76: 0 | J76: 0 | K76: 0 | L76: 0 | M76: 0 | N76: 0 | O76: 0 | P76: 0 | Q76: 0 | R76: 0 | S76: 0 | T76: 0 | U76: 0 | V76: 0 | W76: 0 | X76: 0 | Y76: 0 | Z76: 0 | AA76: 0 | AB76: 0 | AC76: 0 | AD76: 0 | AE76: 0 | AF76: 0 | AG76: 0 | AH76: 0 | AI76: 0 | AJ76: 0 | AK76: 0 | AL76: 0 | AM76: 0 | AN76: 0 | AO76: 0 | AP76: 0 | AQ76: 0
C77: 不詳Unknown | D77: 0 | E77: 0 | F77: 0 | G77: 0 | H77: 0 | I77: 0 | J77: 0 | K77: 0 | L77: 0 | M77: 0 | N77: 0 | O77: 0 | P77: 0 | Q77: 0 | R77: 0 | S77: 0 | T77: 0 | U77: 0 | V77: 0 | W77: 0 | X77: 0 | Y77: 0 | Z77: 0 | AA77: 0 | AB77: 0 | AC77: 0 | AD77: 0 | AE77: 0 | AF77: 0 | AG77: 1 | AH77: 0 | AI77: 0 | AJ77: 0 | AK77: 0 | AL77: 0 | AM77: 0 | AN77: 0 | AO77: 0 | AP77: 0 | AQ77: 1
B78: 屏東縣 | C78: 計 Total | D78: 277 | E78: 235 | F78: 36 | G78: 1 | H78: 4 | I78: 0 | J78: 1 | K78: 277 | L78: 11 | M78: 37 | N78: 113 | O78: 45 | P78: 19 | Q78: 25 | R78: 10 | S78: 12 | T78: 2 | U78: 3 | V78: 277 | W78: 240 | X78: 15 | Y78: 0 | Z78: 9 | AA78: 0 | AB78: 0 | AC78: 3 | AD78: 2 | AE78: 5 | AF78: 3 | AG78: 244 | AH78: 0 | AI78: 2 | AJ78: 49 | AK78: 40 | AL78: 20 | AM78: 29 | AN78: 26 | AO78: 28 | AP78: 8 | AQ78: 42
C79: 男 Male | D79: 40 | E79: 34 | F79: 5 | G79: 0 | H79: 0 | I79: 0 | J79: 1 | K79: 40 | L79: 1 | M79: 8 | N79: 21 | O79: 4 | P79: 1 | Q79: 0 | R79: 1 | S79: 4 | T79: 0 | U79: 0 | V79: 40 | W79: 33 | X79: 3 | Y79: 0 | Z79: 1 | AA79: 0 | AB79: 0 | AC79: 1 | AD79: 1 | AE79: 1 | AF79: 0 | AG79: 222 | AH79: 0 | AI79: 2 | AJ79: 38 | AK79: 37 | AL79: 20 | AM79: 26 | AN79: 25 | AO79: 27 | AP79: 8 | AQ79: 39
B80: Pingtung County | C80: 女 Female | D80: 236 | E80: 200 | F80: 31 | G80: 1 | H80: 4 | I80: 0 | J80: 0 | K80: 236 | L80: 10 | M80: 28 | N80: 92 | O80: 41 | P80: 18 | Q80: 25 | R80: 9 | S80: 8 | T80: 2 | U80: 3 | V80: 236 | W80: 206 | X80: 12 | Y80: 0 | Z80: 8 | AA80: 0 | AB80: 0 | AC80: 2 | AD80: 1 | AE80: 4 | AF80: 3 | AG80: 18 | AH80: 0 | AI80: 0 | AJ80: 11 | AK80: 3 | AL80: 0 | AM80: 3 | AN80: 1 | AO80: 0 | AP80: 0 | AQ80: 0
C81: 其他 Other | D81: 0 | E81: 0 | F81: 0 | G81: 0 | H81: 0 | I81: 0 | J81: 0 | K81: 0 | L81: 0 | M81: 0 | N81: 0 | O81: 0 | P81: 0 | Q81: 0 | R81: 0 | S81: 0 | T81: 0 | U81: 0 | V81: 0 | W81: 0 | X81: 0 | Y81: 0 | Z81: 0 | AA81: 0 | AB81: 0 | AC81: 0 | AD81: 0 | AE81: 0 | AF81: 0 | AG81: 0 | AH81: 0 | AI81: 0 | AJ81: 0 | AK81: 0 | AL81: 0 | AM81: 0 | AN81: 0 | AO81: 0 | AP81: 0 | AQ81: 0
C82: 不詳Unknown | D82: 1 | E82: 1 | F82: 0 | G82: 0 | H82: 0 | I82: 0 | J82: 0 | K82: 1 | L82: 0 | M82: 1 | N82: 0 | O82: 0 | P82: 0 | Q82: 0 | R82: 0 | S82: 0 | T82: 0 | U82: 0 | V82: 1 | W82: 1 | X82: 0 | Y82: 0 | Z82: 0 | AA82: 0 | AB82: 0 | AC82: 0 | AD82: 0 | AE82: 0 | AF82: 0 | AG82: 4 | AH82: 0 | AI82: 0 | AJ82: 0 | AK82: 0 | AL82: 0 | AM82: 0 | AN82: 0 | AO82: 1 | AP82: 0 | AQ82: 3
B83: 臺東縣 | C83: 計 Total | D83: 109 | E83: 47 | F83: 61 | G83: 0 | H83: 0 | I83: 0 | J83: 1 | K83: 109 | L83: 4 | M83: 14 | N83: 56 | O83: 14 | P83: 6 | Q83: 7 | R83: 2 | S83: 4 | T83: 1 | U83: 1 | V83: 109 | W83: 92 | X83: 8 | Y83: 1 | Z83: 3 | AA83: 0 | AB83: 1 | AC83: 0 | AD83: 2 | AE83: 1 | AF83: 1 | AG83: 106 | AH83: 1 | AI83: 2 | AJ83: 38 | AK83: 8 | AL83: 7 | AM83: 9 | AN83: 8 | AO83: 8 | AP83: 6 | AQ83: 19
C84: 男 Male | D84: 29 | E84: 12 | F84: 17 | G84: 0 | H84: 0 | I84: 0 | J84: 0 | K84: 29 | L84: 1 | M84: 5 | N84: 20 | O84: 2 | P84: 0 | Q84: 1 | R84: 0 | S84: 0 | T84: 0 | U84: 0 | V84: 29 | W84: 26 | X84: 1 | Y84: 0 | Z84: 0 | AA84: 0 | AB84: 1 | AC84: 0 | AD84: 0 | AE84: 1 | AF84: 0 | AG84: 88 | AH84: 1 | AI84: 1 | AJ84: 25 | AK84: 8 | AL84: 7 | AM84: 9 | AN84: 8 | AO84: 8 | AP84: 6 | AQ84: 15
B85: Taitung County | C85: 女 Female | D85: 79 | E85: 35 | F85: 43 | G85: 0 | H85: 0 | I85: 0 | J85: 1 | K85: 79 | L85: 3 | M85: 9 | N85: 35 | O85: 12 | P85: 6 | Q85: 6 | R85: 2 | S85: 4 | T85: 1 | U85: 1 | V85: 79 | W85: 65 | X85: 7 | Y85: 1 | Z85: 3 | AA85: 0 | AB85: 0 | AC85: 0 | AD85: 2 | AE85: 0 | AF85: 1 | AG85: 14 | AH85: 0 | AI85: 1 | AJ85: 12 | AK85: 0 | AL85: 0 | AM85: 0 | AN85: 0 | AO85: 0 | AP85: 0 | AQ85: 1
C86: 其他 Other | D86: 0 | E86: 0 | F86: 0 | G86: 0 | H86: 0 | I86: 0 | J86: 0 | K86: 0 | L86: 0 | M86: 0 | N86: 0 | O86: 0 | P86: 0 | Q86: 0 | R86: 0 | S86: 0 | T86: 0 | U86: 0 | V86: 0 | W86: 0 | X86: 0 | Y86: 0 | Z86: 0 | AA86: 0 | AB86: 0 | AC86: 0 | AD86: 0 | AE86: 0 | AF86: 0 | AG86: 0 | AH86: 0 | AI86: 0 | AJ86: 0 | AK86: 0 | AL86: 0 | AM86: 0 | AN86: 0 | AO86: 0 | AP86: 0 | AQ86: 0
C87: 不詳Unknown | D87: 1 | E87: 0 | F87: 1 | G87: 0 | H87: 0 | I87: 0 | J87: 0 | K87: 1 | L87: 0 | M87: 0 | N87: 1 | O87: 0 | P87: 0 | Q87: 0 | R87: 0 | S87: 0 | T87: 0 | U87: 0 | V87: 1 | W87: 1 | X87: 0 | Y87: 0 | Z87: 0 | AA87: 0 | AB87: 0 | AC87: 0 | AD87: 0 | AE87: 0 | AF87: 0 | AG87: 4 | AH87: 0 | AI87: 0 | AJ87: 1 | AK87: 0 | AL87: 0 | AM87: 0 | AN87: 0 | AO87: 0 | AP87: 0 | AQ87: 3
B88: 花蓮縣 | C88: 計 Total | D88: 236 | E88: 98 | F88: 127 | G88: 1 | H88: 2 | I88: 0 | J88: 8 | K88: 236 | L88: 4 | M88: 22 | N88: 120 | O88: 27 | P88: 14 | Q88: 22 | R88: 14 | S88: 10 | T88: 3 | U88: 0 | V88: 236 | W88: 204 | X88: 11 | Y88: 0 | Z88: 6 | AA88: 0 | AB88: 1 | AC88: 1 | AD88: 5 | AE88: 6 | AF88: 2 | AG88: 252 | AH88: 0 | AI88: 8 | AJ88: 65 | AK88: 29 | AL88: 9 | AM88: 19 | AN88: 18 | AO88: 20 | AP88: 7 | AQ88: 77
C89: 男 Male | D89: 56 | E89: 22 | F89: 31 | G89: 0 | H89: 0 | I89: 0 | J89: 3 | K89: 56 | L89: 1 | M89: 8 | N89: 33 | O89: 2 | P89: 2 | Q89: 6 | R89: 2 | S89: 2 | T89: 0 | U89: 0 | V89: 56 | W89: 48 | X89: 2 | Y89: 0 | Z89: 1 | AA89: 0 | AB89: 0 | AC89: 0 | AD89: 1 | AE89: 3 | AF89: 1 | AG89: 218 | AH89: 0 | AI89: 7 | AJ89: 47 | AK89: 27 | AL89: 8 | AM89: 17 | AN89: 17 | AO89: 20 | AP89: 7 | AQ89: 68
B90: Hualien County | C90: 女 Female | D90: 180 | E90: 76 | F90: 96 | G90: 1 | H90: 2 | I90: 0 | J90: 5 | K90: 180 | L90: 3 | M90: 14 | N90: 87 | O90: 25 | P90: 12 | Q90: 16 | R90: 12 | S90: 8 | T90: 3 | U90: 0 | V90: 180 | W90: 156 | X90: 9 | Y90: 0 | Z90: 5 | AA90: 0 | AB90: 1 | AC90: 1 | AD90: 4 | AE90: 3 | AF90: 1 | AG90: 27 | AH90: 0 | AI90: 1 | AJ90: 18 | AK90: 2 | AL90: 0 | AM90: 2 | AN90: 1 | AO90: 0 | AP90: 0 | AQ90: 3
C91: 其他 Other | D91: 0 | E91: 0 | F91: 0 | G91: 0 | H91: 0 | I91: 0 | J91: 0 | K91: 0 | L91: 0 | M91: 0 | N91: 0 | O91: 0 | P91: 0 | Q91: 0 | R91: 0 | S91: 0 | T91: 0 | U91: 0 | V91: 0 | W91: 0 | X91: 0 | Y91: 0 | Z91: 0 | AA91: 0 | AB91: 0 | AC91: 0 | AD91: 0 | AE91: 0 | AF91: 0 | AG91: 0 | AH91: 0 | AI91: 0 | AJ91: 0 | AK91: 0 | AL91: 0 | AM91: 0 | AN91: 0 | AO91: 0 | AP91: 0 | AQ91: 0
C92: 不詳Unknown | D92: 0 | E92: 0 | F92: 0 | G92: 0 | H92: 0 | I92: 0 | J92: 0 | K92: 0 | L92: 0 | M92: 0 | N92: 0 | O92: 0 | P92: 0 | Q92: 0 | R92: 0 | S92: 0 | T92: 0 | U92: 0 | V92: 0 | W92: 0 | X92: 0 | Y92: 0 | Z92: 0 | AA92: 0 | AB92: 0 | AC92: 0 | AD92: 0 | AE92: 0 | AF92: 0 | AG92: 7 | AH92: 0 | AI92: 0 | AJ92: 0 | AK92: 0 | AL92: 1 | AM92: 0 | AN92: 0 | AO92: 0 | AP92: 0 | AQ92: 6
B93: 澎湖縣 | C93: 計 Total | D93: 31 | E93: 29 | F93: 1 | G93: 0 | H93: 0 | I93: 0 | J93: 1 | K93: 31 | L93: 1 | M93: 6 | N93: 13 | O93: 5 | P93: 1 | Q93: 1 | R93: 3 | S93: 0 | T93: 1 | U93: 0 | V93: 31 | W93: 27 | X93: 3 | Y93: 0 | Z93: 0 | AA93: 0 | AB93: 0 | AC93: 0 | AD93: 0 | AE93: 1 | AF93: 0 | AG93: 33 | AH93: 0 | AI93: 0 | AJ93: 8 | AK93: 7 | AL93: 5 | AM93: 3 | AN93: 3 | AO93: 5 | AP93: 0 | AQ93: 2
C94: 男 Male | D94: 4 | E94: 4 | F94: 0 | G94: 0 | H94: 0 | I94: 0 | J94: 0 | K94: 4 | L94: 0 | M94: 3 | N94: 1 | O94: 0 | P94: 0 | Q94: 0 | R94: 0 | S94: 0 | T94: 0 | U94: 0 | V94: 4 | W94: 4 | X94: 0 | Y94: 0 | Z94: 0 | AA94: 0 | AB94: 0 | AC94: 0 | AD94: 0 | AE94: 0 | AF94: 0 | AG94: 31 | AH94: 0 | AI94: 0 | AJ94: 7 | AK94: 7 | AL94: 5 | AM94: 3 | AN94: 3 | AO94: 5 | AP94: 0 | AQ94: 1
B95: Penghu County | C95: 女 Female | D95: 27 | E95: 25 | F95: 1 | G95: 0 | H95: 0 | I95: 0 | J95: 1 | K95: 27 | L95: 1 | M95: 3 | N95: 12 | O95: 5 | P95: 1 | Q95: 1 | R95: 3 | S95: 0 | T95: 1 | U95: 0 | V95: 27 | W95: 23 | X95: 3 | Y95: 0 | Z95: 0 | AA95: 0 | AB95: 0 | AC95: 0 | AD95: 0 | AE95: 1 | AF95: 0 | AG95: 1 | AH95: 0 | AI95: 0 | AJ95: 1 | AK95: 0 | AL95: 0 | AM95: 0 | AN95: 0 | AO95: 0 | AP95: 0 | AQ95: 0
C96: 其他 Other | D96: 0 | E96: 0 | F96: 0 | G96: 0 | H96: 0 | I96: 0 | J96: 0 | K96: 0 | L96: 0 | M96: 0 | N96: 0 | O96: 0 | P96: 0 | Q96: 0 | R96: 0 | S96: 0 | T96: 0 | U96: 0 | V96: 0 | W96: 0 | X96: 0 | Y96: 0 | Z96: 0 | AA96: 0 | AB96: 0 | AC96: 0 | AD96: 0 | AE96: 0 | AF96: 0 | AG96: 0 | AH96: 0 | AI96: 0 | AJ96: 0 | AK96: 0 | AL96: 0 | AM96: 0 | AN96: 0 | AO96: 0 | AP96: 0 | AQ96: 0
C97: 不詳Unknown | D97: 0 | E97: 0 | F97: 0 | G97: 0 | H97: 0 | I97: 0 | J97: 0 | K97: 0 | L97: 0 | M97: 0 | N97: 0 | O97: 0 | P97: 0 | Q97: 0 | R97: 0 | S97: 0 | T97: 0 | U97: 0 | V97: 0 | W97: 0 | X97: 0 | Y97: 0 | Z97: 0 | AA97: 0 | AB97: 0 | AC97: 0 | AD97: 0 | AE97: 0 | AF97: 0 | AG97: 1 | AH97: 0 | AI97: 0 | AJ97: 0 | AK97: 0 | AL97: 0 | AM97: 0 | AN97: 0 | AO97: 0 | AP97: 0 | AQ97: 1
B98: 基隆市 | C98: 計 Total | D98: 142 | E98: 129 | F98: 10 | G98: 0 | H98: 2 | I98: 0 | J98: 1 | K98: 142 | L98: 6 | M98: 7 | N98: 59 | O98: 16 | P98: 15 | Q98: 18 | R98: 10 | S98: 10 | T98: 1 | U98: 0 | V98: 142 | W98: 120 | X98: 11 | Y98: 1 | Z98: 8 | AA98: 0 | AB98: 0 | AC98: 0 | AD98: 2 | AE98: 0 | AF98: 0 | AG98: 138 | AH98: 0 | AI98: 1 | AJ98: 17 | AK98: 22 | AL98: 13 | AM98: 12 | AN98: 16 | AO98: 13 | AP98: 6 | AQ98: 38
C99: 男 Male | D99: 19 | E99: 18 | F99: 1 | G99: 0 | H99: 0 | I99: 0 | J99: 0 | K99: 19 | L99: 3 | M99: 6 | N99: 8 | O99: 2 | P99: 0 | Q99: 0 | R99: 0 | S99: 0 | T99: 0 | U99: 0 | V99: 19 | W99: 19 | X99: 0 | Y99: 0 | Z99: 0 | AA99: 0 | AB99: 0 | AC99: 0 | AD99: 0 | AE99: 0 | AF99: 0 | AG99: 128 | AH99: 0 | AI99: 1 | AJ99: 13 | AK99: 20 | AL99: 13 | AM99: 11 | AN99: 16 | AO99: 13 | AP99: 5 | AQ99: 36
B100: Keelung City | C100: 女 Female | D100: 123 | E100: 111 | F100: 9 | G100: 0 | H100: 2 | I100: 0 | J100: 1 | K100: 123 | L100: 3 | M100: 1 | N100: 51 | O100: 14 | P100: 15 | Q100: 18 | R100: 10 | S100: 10 | T100: 1 | U100: 0 | V100: 123 | W100: 101 | X100: 11 | Y100: 1 | Z100: 8 | AA100: 0 | AB100: 0 | AC100: 0 | AD100: 2 | AE100: 0 | AF100: 0 | AG100: 7 | AH100: 0 | AI100: 0 | AJ100: 4 | AK100: 2 | AL100: 0 | AM100: 0 | AN100: 0 | AO100: 0 | AP100: 1 | AQ100: 0
...

Sheet July-Dec., 2024
A1: 性侵害事件通報被害及嫌疑人概況 Overview of Victim and Offender Status in Reporting Sexual Assault Cases
A2: 113年下半年 July-Dec., 2024
A3: 單位：人 unit:Person
A4: 區域別 | C4: 性別 | D4: 性侵害被害人統計 Statistics of Sexual Assault Victims | AG4: 性侵害嫌疑人年齡統計 Statistics of Age of Sexual Assault Offenders
D5: 國籍、身分別 By Nationality and Identity | K5: 年齡別 By Age | V5: 身心障礙別 By Disability | AG5: 年齡別 By Age
D6: 合計 | E6: 本國籍 非原住民 | F6: 本國籍 原住民 | G6: 大陸及 港澳籍 | H6: 外國籍 | I6: 無國籍 | J6: 資料 不明 | K6: 合計 | L6: 0-未滿6歲 | M6: 6-未滿12歲 | N6: 12-未滿18歲 | O6: 18-未滿24歲 | P6: 24-未滿30歲 | Q6: 30-未滿40歲 | R6: 40-未滿50歲 | S6: 50-未滿65歲 | T6: 65歲 以上 | U6: 不詳 | V6: 合計 | W6: 非身心 障礙 | X6: 智障 | Y6: 視障 | Z6: 精神 病患 | AA6: 聲(語)障 | AB6: 聽障 | AC6: 肢障 | AD6: 多重 障礙 | AE6: 其他 障礙 | AF6: 不詳 | AG6: 合計 | AH6: 0-未滿6歲 | AI6: 6-未滿12歲 | AJ6: 12-未滿18歲 | AK6: 18-未滿24歲 | AL6: 24-未滿30歲 | AM6: 30-未滿40歲 | AN6: 40-未滿50歲 | AO6: 50-未滿65歲 | AP6: 65歲 以上 | AQ6: 不詳
A7: Locality | C7: Gender | D7: Total | E7: Non-Indigenous Native | F7: Indigenous Native | G7: Mainland China and Hong Kong and Macau | H7: Foreign | I7: Stateless | J7: Unknown Information | K7: Total | L7: Under 6 Years | M7: 6-Under 12 Years | N7: 12-Under 18 Years | O7: 18-Under 24 Years | P7: 24-Under 30 Years | Q7: 30-Under 40 Years | R7: 40-Under 50 Years | S7: 50-Under 65 Years | T7: Above 65 Years | U7: Unknown | V7: Total | W7: Not Disability | X7: Intellectually Disabled | Y7: Vision | Z7: Mentally Illed | AA7: Voice | AB7: Hearing | AC7: Physically Impaired | AD7: Multiple | AE7: Other | AF7: Unknown | AG7: Total | AH7: Under 6 Years | AI7: 6-Under 12 Years | AJ7: 12-Under 18 Years | AK7: 18-Under 2 Years | AL7: 24-Under 30 Years | AM7: 30-Under 40 Years | AN7: 40-Under 50 Years | AO7: 50-Under 65 Years | AP7: Above 65 Years | AQ7: Unknown
A8: 總計 | C8: 計 Total | D8: 4422 | E8: 3885 | F8: 335 | G8: 21 | H8: 88 | I8: 0 | J8: 93 | K8: 4422 | L8: 149 | M8: 411 | N8: 1641 | O8: 676 | P8: 495 | Q8: 543 | R8: 308 | S8: 136 | T8: 44 | U8: 19 | V8: 4422 | W8: 3874 | X8: 186 | Y8: 3 | Z8: 175 | AA8: 4 | AB8: 20 | AC8: 20 | AD8: 42 | AE8: 57 | AF8: 41 | AG8: 4015 | AH8: 13 | AI8: 98 | AJ8: 744 | AK8: 439 | AL8: 314 | AM8: 430 | AN8: 395 | AO8: 313 | AP8: 151 | AQ8: 1118
C9: 男 Male | D9: 789 | E9: 685 | F9: 67 | G9: 3 | H9: 8 | I9: 0 | J9: 26 | K9: 789 | L9: 20 | M9: 148 | N9: 407 | O9: 72 | P9: 54 | Q9: 56 | R9: 18 | S9: 9 | T9: 3 | U9: 2 | V9: 789 | W9: 685 | X9: 42 | Y9: 1 | Z9: 18 | AA9: 1 | AB9: 4 | AC9: 4 | AD9: 9 | AE9: 19 | AF9: 6 | AG9: 3550 | AH9: 7 | AI9: 84 | AJ9: 549 | AK9: 419 | AL9: 305 | AM9: 410 | AN9: 376 | AO9: 305 | AP9: 148 | AQ9: 947
A10: Total | C10: 女 Female | D10: 3618 | E10: 3190 | F10: 267 | G10: 18 | H10: 80 | I10: 0 | J10: 63 | K10: 3618 | L10: 128 | M10: 262 | N10: 1223 | O10: 604 | P10: 441 | Q10: 486 | R10: 290 | S10: 126 | T10: 41 | U10: 17 | V10: 3618 | W10: 3176 | X10: 144 | Y10: 2 | Z10: 156 | AA10: 3 | AB10: 16 | AC10: 16 | AD10: 32 | AE10: 38 | AF10: 35 | AG10: 336 | AH10: 6 | AI10: 14 | AJ10: 193 | AK10: 17 | AL10: 7 | AM10: 17 | AN10: 18 | AO10: 6 | AP10: 2 | AQ10: 56
C11: 其他 Other | D11: 1 | E11: 1 | F11: 0 | G11: 0 | H11: 0 | I11: 0 | J11: 0 | K11: 1 | L11: 0 | M11: 0 | N11: 0 | O11: 0 | P11: 0 | Q11: 0 | R11: 0 | S11: 1 | T11: 0 | U11: 0 | V11: 1 | W11: 0 | X11: 0 | Y11: 0 | Z11: 1 | AA11: 0 | AB11: 0 | AC11: 0 | AD11: 0 | AE11: 0 | AF11: 0 | AG11: 0 | AH11: 0 | AI11: 0 | AJ11: 0 | AK11: 0 | AL11: 0 | AM11: 0 | AN11: 0 | AO11: 0 | AP11: 0 | AQ11: 0
C12: 不詳Unknown | D12: 14 | E12: 9 | F12: 1 | G12: 0 | H12: 0 | I12: 0 | J12: 4 | K12: 14 | L12: 1 | M12: 1 | N12: 11 | O12: 0 | P12: 0 | Q12: 1 | R12: 0 | S12: 0 | T12: 0 | U12: 0 | V12: 14 | W12: 13 | X12: 0 | Y12: 0 | Z12: 0 | AA12: 0 | AB12: 0 | AC12: 0 | AD12: 1 | AE12: 0 | AF12: 0 | AG12: 129 | AH12: 0 | AI12: 0 | AJ12: 2 | AK12: 3 | AL12: 2 | AM12: 3 | AN12: 1 | AO12: 2 | AP12: 1 | AQ12: 115
A13: 新北市 | C13: 計 Total | D13: 814 | E13: 745 | F13: 30 | G13: 0 | H13: 15 | I13: 0 | J13: 24 | K13: 814 | L13: 29 | M13: 87 | N13: 301 | O13: 112 | P13: 114 | Q13: 93 | R13: 43 | S13: 19 | T13: 8 | U13: 8 | V13: 814 | W13: 720 | X13: 25 | Y13: 1 | Z13: 31 | AA13: 0 | AB13: 2 | AC13: 3 | AD13: 5 | AE13: 13 | AF13: 14 | AG13: 763 | AH13: 2 | AI13: 13 | AJ13: 117 | AK13: 72 | AL13: 44 | AM13: 63 | AN13: 73 | AO13: 54 | AP13: 24 | AQ13: 301
C14: 男 Male | D14: 139 | E14: 133 | F14: 0 | G14: 0 | H14: 1 | I14: 0 | J14: 5 | K14: 139 | L14: 4 | M14: 29 | N14: 66 | O14: 9 | P14: 13 | Q14: 8 | R14: 6 | S14: 1 | T14: 2 | U14: 1 | V14: 139 | W14: 120 | X14: 6 | Y14: 1 | Z14: 5 | AA14: 0 | AB14: 0 | AC14: 1 | AD14: 1 | AE14: 3 | AF14: 2 | AG14: 686 | AH14: 1 | AI14: 12 | AJ14: 92 | AK14: 70 | AL14: 42 | AM14: 62 | AN14: 73 | AO14: 54 | AP14: 22 | AQ14: 258
A15: New Taipei City | C15: 女 Female | D15: 668 | E15: 607 | F15: 30 | G15: 0 | H15: 14 | I15: 0 | J15: 17 | K15: 668 | L15: 24 | M15: 57 | N15: 232 | O15: 103 | P15: 101 | Q15: 84 | R15: 37 | S15: 17 | T15: 6 | U15: 7 | V15: 668 | W15: 595 | X15: 19 | Y15: 0 | Z15: 25 | AA15: 0 | AB15: 2 | AC15: 2 | AD15: 3 | AE15: 10 | AF15: 12 | AG15: 50 | AH15: 1 | AI15: 1 | AJ15: 25 | AK15: 2 | AL15: 2 | AM15: 1 | AN15: 0 | AO15: 0 | AP15: 1 | AQ15: 17
C16: 其他 Other | D16: 1 | E16: 1 | F16: 0 | G16: 0 | H16: 0 | I16: 0 | J16: 0 | K16: 1 | L16: 0 | M16: 0 | N16: 0 | O16: 0 | P16: 0 | Q16: 0 | R16: 0 | S16: 1 | T16: 0 | U16: 0 | V16: 1 | W16: 0 | X16: 0 | Y16: 0 | Z16: 1 | AA16: 0 | AB16: 0 | AC16: 0 | AD16: 0 | AE16: 0 | AF16: 0 | AG16: 0 | AH16: 0 | AI16: 0 | AJ16: 0 | AK16: 0 | AL16: 0 | AM16: 0 | AN16: 0 | AO16: 0 | AP16: 0 | AQ16: 0
C17: 不詳Unknown | D17: 6 | E17: 4 | F17: 0 | G17: 0 | H17: 0 | I17: 0 | J17: 2 | K17: 6 | L17: 1 | M17: 1 | N17: 3 | O17: 0 | P17: 0 | Q17: 1 | R17: 0 | S17: 0 | T17: 0 | U17: 0 | V17: 6 | W17: 5 | X17: 0 | Y17: 0 | Z17: 0 | AA17: 0 | AB17: 0 | AC17: 0 | AD17: 1 | AE17: 0 | AF17: 0 | AG17: 27 | AH17: 0 | AI17: 0 | AJ17: 0 | AK17: 0 | AL17: 0 | AM17: 0 | AN17: 0 | AO17: 0 | AP17: 1 | AQ17: 26
A18: 臺北市 | C18: 計 Total | D18: 436 | E18: 393 | F18: 6 | G18: 8 | H18: 14 | I18: 0 | J18: 15 | K18: 436 | L18: 18 | M18: 30 | N18: 94 | O18: 83 | P18: 73 | Q18: 80 | R18: 35 | S18: 18 | T18: 5 | U18: 0 | V18: 436 | W18: 375 | X18: 10 | Y18: 0 | Z18: 27 | AA18: 0 | AB18: 1 | AC18: 1 | AD18: 6 | AE18: 6 | AF18: 10 | AG18: 368 | AH18: 3 | AI18: 8 | AJ18: 48 | AK18: 20 | AL18: 31 | AM18: 34 | AN18: 35 | AO18: 32 | AP18: 13 | AQ18: 144
C19: 男 Male | D19: 60 | E19: 54 | F19: 0 | G19: 2 | H19: 1 | I19: 0 | J19: 3 | K19: 60 | L19: 3 | M19: 10 | N19: 25 | O19: 8 | P19: 4 | Q19: 9 | R19: 0 | S19: 0 | T19: 1 | U19: 0 | V19: 60 | W19: 50 | X19: 3 | Y19: 0 | Z19: 2 | AA19: 0 | AB19: 1 | AC19: 0 | AD19: 1 | AE19: 3 | AF19: 0 | AG19: 335 | AH19: 1 | AI19: 7 | AJ19: 42 | AK19: 19 | AL19: 30 | AM19: 28 | AN19: 32 | AO19: 30 | AP19: 13 | AQ19: 133
A20: Taipei City | C20: 女 Female | D20: 376 | E20: 339 | F20: 6 | G20: 6 | H20: 13 | I20: 0 | J20: 12 | K20: 376 | L20: 15 | M20: 20 | N20: 69 | O20: 75 | P20: 69 | Q20: 71 | R20: 35 | S20: 18 | T20: 4 | U20: 0 | V20: 376 | W20: 325 | X20: 7 | Y20: 0 | Z20: 25 | AA20: 0 | AB20: 0 | AC20: 1 | AD20: 5 | AE20: 3 | AF20: 10 | AG20: 19 | AH20: 2 | AI20: 1 | AJ20: 6 | AK20: 0 | AL20: 1 | AM20: 3 | AN20: 2 | AO20: 2 | AP20: 0 | AQ20: 2
C21: 其他 Other | D21: 0 | E21: 0 | F21: 0 | G21: 0 | H21: 0 | I21: 0 | J21: 0 | K21: 0 | L21: 0 | M21: 0 | N21: 0 | O21: 0 | P21: 0 | Q21: 0 | R21: 0 | S21: 0 | T21: 0 | U21: 0 | V21: 0 | W21: 0 | X21: 0 | Y21: 0 | Z21: 0 | AA21: 0 | AB21: 0 | AC21: 0 | AD21: 0 | AE21: 0 | AF21: 0 | AG21: 0 | AH21: 0 | AI21: 0 | AJ21: 0 | AK21: 0 | AL21: 0 | AM21: 0 | AN21: 0 | AO21: 0 | AP21: 0 | AQ21: 0
C22: 不詳Unknown | D22: 0 | E22: 0 | F22: 0 | G22: 0 | H22: 0 | I22: 0 | J22: 0 | K22: 0 | L22: 0 | M22: 0 | N22: 0 | O22: 0 | P22: 0 | Q22: 0 | R22: 0 | S22: 0 | T22: 0 | U22: 0 | V22: 0 | W22: 0 | X22: 0 | Y22: 0 | Z22: 0 | AA22: 0 | AB22: 0 | AC22: 0 | AD22: 0 | AE22: 0 | AF22: 0 | AG22: 14 | AH22: 0 | AI22: 0 | AJ22: 0 | AK22: 1 | AL22: 0 | AM22: 3 | AN22: 1 | AO22: 0 | AP22: 0 | AQ22: 9
A23: 桃園市 | C23: 計 Total | D23: 529 | E23: 462 | F23: 53 | G23: 1 | H23: 13 | I23: 0 | J23: 0 | K23: 529 | L23: 13 | M23: 46 | N23: 235 | O23: 82 | P23: 42 | Q23: 61 | R23: 38 | S23: 9 | T23: 3 | U23: 0 | V23: 529 | W23: 480 | X23: 16 | Y23: 0 | Z23: 19 | AA23: 0 | AB23: 6 | AC23: 1 | AD23: 3 | AE23: 3 | AF23: 1 | AG23: 548 | AH23: 2 | AI23: 18 | AJ23: 118 | AK23: 73 | AL23: 32 | AM23: 63 | AN23: 49 | AO23: 36 | AP23: 11 | AQ23: 146
C24: 男 Male | D24: 89 | E24: 76 | F24: 11 | G24: 0 | H24: 2 | I24: 0 | J24: 0 | K24: 89 | L24: 1 | M24: 14 | N24: 52 | O24: 9 | P24: 6 | Q24: 4 | R24: 3 | S24: 0 | T24: 0 | U24: 0 | V24: 89 | W24: 79 | X24: 5 | Y24: 0 | Z24: 1 | AA24: 0 | AB24: 1 | AC24: 0 | AD24: 1 | AE24: 1 | AF24: 1 | AG24: 471 | AH24: 1 | AI24: 14 | AJ24: 81 | AK24: 68 | AL24: 31 | AM24: 63 | AN24: 43 | AO24: 34 | AP24: 11 | AQ24: 125
A25: Taoyuan City | C25: 女 Female | D25: 439 | E25: 385 | F25: 42 | G25: 1 | H25: 11 | I25: 0 | J25: 0 | K25: 439 | L25: 12 | M25: 32 | N25: 182 | O25: 73 | P25: 36 | Q25: 57 | R25: 35 | S25: 9 | T25: 3 | U25: 0 | V25: 439 | W25: 400 | X25: 11 | Y25: 0 | Z25: 18 | AA25: 0 | AB25: 5 | AC25: 1 | AD25: 2 | AE25: 2 | AF25: 0 | AG25: 64 | AH25: 1 | AI25: 4 | AJ25: 37 | AK25: 4 | AL25: 1 | AM25: 0 | AN25: 6 | AO25: 2 | AP25: 0 | AQ25: 9
C26: 其他 Other | D26: 0 | E26: 0 | F26: 0 | G26: 0 | H26: 0 | I26: 0 | J26: 0 | K26: 0 | L26: 0 | M26: 0 | N26: 0 | O26: 0 | P26: 0 | Q26: 0 | R26: 0 | S26: 0 | T26: 0 | U26: 0 | V26: 0 | W26: 0 | X26: 0 | Y26: 0 | Z26: 0 | AA26: 0 | AB26: 0 | AC26: 0 | AD26: 0 | AE26: 0 | AF26: 0 | AG26: 0 | AH26: 0 | AI26: 0 | AJ26: 0 | AK26: 0 | AL26: 0 | AM26: 0 | AN26: 0 | AO26: 0 | AP26: 0 | AQ26: 0
C27: 不詳Unknown | D27: 1 | E27: 1 | F27: 0 | G27: 0 | H27: 0 | I27: 0 | J27: 0 | K27: 1 | L27: 0 | M27: 0 | N27: 1 | O27: 0 | P27: 0 | Q27: 0 | R27: 0 | S27: 0 | T27: 0 | U27: 0 | V27: 1 | W27: 1 | X27: 0 | Y27: 0 | Z27: 0 | AA27: 0 | AB27: 0 | AC27: 0 | AD27: 0 | AE27: 0 | AF27: 0 | AG27: 13 | AH27: 0 | AI27: 0 | AJ27: 0 | AK27: 1 | AL27: 0 | AM27: 0 | AN27: 0 | AO27: 0 | AP27: 0 | AQ27: 12
A28: 臺中市 | C28: 計 Total | D28: 609 | E28: 548 | F28: 23 | G28: 3 | H28: 13 | I28: 0 | J28: 22 | K28: 609 | L28: 21 | M28: 59 | N28: 185 | O28: 110 | P28: 86 | Q28: 87 | R28: 40 | S28: 14 | T28: 6 | U28: 1 | V28: 609 | W28: 548 | X28: 13 | Y28: 0 | Z28: 24 | AA28: 0 | AB28: 5 | AC28: 3 | AD28: 3 | AE28: 11 | AF28: 2 | AG28: 501 | AH28: 0 | AI28: 7 | AJ28: 83 | AK28: 51 | AL28: 50 | AM28: 73 | AN28: 56 | AO28: 36 | AP28: 20 | AQ28: 125
C29: 男 Male | D29: 138 | E29: 119 | F29: 7 | G29: 0 | H29: 1 | I29: 0 | J29: 11 | K29: 138 | L29: 1 | M29: 33 | N29: 59 | O29: 13 | P29: 14 | Q29: 13 | R29: 3 | S29: 2 | T29: 0 | U29: 0 | V29: 138 | W29: 125 | X29: 4 | Y29: 0 | Z29: 3 | AA29: 0 | AB29: 2 | AC29: 0 | AD29: 1 | AE29: 3 | AF29: 0 | AG29: 436 | AH29: 0 | AI29: 6 | AJ29: 61 | AK29: 50 | AL29: 50 | AM29: 69 | AN29: 52 | AO29: 36 | AP29: 20 | AQ29: 92
A30: Taichung City | C30: 女 Female | D30: 466 | E30: 425 | F30: 16 | G30: 3 | H30: 12 | I30: 0 | J30: 10 | K30: 466 | L30: 20 | M30: 26 | N30: 121 | O30: 97 | P30: 72 | Q30: 74 | R30: 37 | S30: 12 | T30: 6 | U30: 1 | V30: 466 | W30: 418 | X30: 9 | Y30: 0 | Z30: 21 | AA30: 0 | AB30: 3 | AC30: 3 | AD30: 2 | AE30: 8 | AF30: 2 | AG30: 45 | AH30: 0 | AI30: 1 | AJ30: 21 | AK30: 1 | AL30: 0 | AM30: 4 | AN30: 4 | AO30: 0 | AP30: 0 | AQ30: 14
C31: 其他 Other | D31: 0 | E31: 0 | F31: 0 | G31: 0 | H31: 0 | I31: 0 | J31: 0 | K31: 0 | L31: 0 | M31: 0 | N31: 0 | O31: 0 | P31: 0 | Q31: 0 | R31: 0 | S31: 0 | T31: 0 | U31: 0 | V31: 0 | W31: 0 | X31: 0 | Y31: 0 | Z31: 0 | AA31: 0 | AB31: 0 | AC31: 0 | AD31: 0 | AE31: 0 | AF31: 0 | AG31: 0 | AH31: 0 | AI31: 0 | AJ31: 0 | AK31: 0 | AL31: 0 | AM31: 0 | AN31: 0 | AO31: 0 | AP31: 0 | AQ31: 0
C32: 不詳Unknown | D32: 5 | E32: 4 | F32: 0 | G32: 0 | H32: 0 | I32: 0 | J32: 1 | K32: 5 | L32: 0 | M32: 0 | N32: 5 | O32: 0 | P32: 0 | Q32: 0 | R32: 0 | S32: 0 | T32: 0 | U32: 0 | V32: 5 | W32: 5 | X32: 0 | Y32: 0 | Z32: 0 | AA32: 0 | AB32: 0 | AC32: 0 | AD32: 0 | AE32: 0 | AF32: 0 | AG32: 20 | AH32: 0 | AI32: 0 | AJ32: 1 | AK32: 0 | AL32: 0 | AM32: 0 | AN32: 0 | AO32: 0 | AP32: 0 | AQ32: 19
A33: 臺南市 | C33: 計 Total | D33: 301 | E33: 287 | F33: 7 | G33: 1 | H33: 6 | I33: 0 | J33: 0 | K33: 301 | L33: 12 | M33: 19 | N33: 101 | O33: 50 | P33: 31 | Q33: 46 | R33: 28 | S33: 9 | T33: 5 | U33: 0 | V33: 301 | W33: 261 | X33: 15 | Y33: 0 | Z33: 13 | AA33: 0 | AB33: 1 | AC33: 0 | AD33: 3 | AE33: 7 | AF33: 1 | AG33: 296 | AH33: 0 | AI33: 4 | AJ33: 53 | AK33: 29 | AL33: 35 | AM33: 26 | AN33: 29 | AO33: 28 | AP33: 15 | AQ33: 77
C34: 男 Male | D34: 59 | E34: 56 | F34: 1 | G34: 1 | H34: 1 | I34: 0 | J34: 0 | K34: 59 | L34: 2 | M34: 5 | N34: 35 | O34: 4 | P34: 5 | Q34: 7 | R34: 1 | S34: 0 | T34: 0 | U34: 0 | V34: 59 | W34: 50 | X34: 4 | Y34: 0 | Z34: 2 | AA34: 0 | AB34: 0 | AC34: 0 | AD34: 0 | AE34: 2 | AF34: 1 | AG34: 261 | AH34: 0 | AI34: 4 | AJ34: 33 | AK34: 28 | AL34: 34 | AM34: 26 | AN34: 29 | AO34: 26 | AP34: 15 | AQ34: 66
A35: Tainan City | C35: 女 Female | D35: 242 | E35: 231 | F35: 6 | G35: 0 | H35: 5 | I35: 0 | J35: 0 | K35: 242 | L35: 10 | M35: 14 | N35: 66 | O35: 46 | P35: 26 | Q35: 39 | R35: 27 | S35: 9 | T35: 5 | U35: 0 | V35: 242 | W35: 211 | X35: 11 | Y35: 0 | Z35: 11 | AA35: 0 | AB35: 1 | AC35: 0 | AD35: 3 | AE35: 5 | AF35: 0 | AG35: 26 | AH35: 0 | AI35: 0 | AJ35: 20 | AK35: 1 | AL35: 1 | AM35: 0 | AN35: 0 | AO35: 2 | AP35: 0 | AQ35: 2
C36: 其他 Other | D36: 0 | E36: 0 | F36: 0 | G36: 0 | H36: 0 | I36: 0 | J36: 0 | K36: 0 | L36: 0 | M36: 0 | N36: 0 | O36: 0 | P36: 0 | Q36: 0 | R36: 0 | S36: 0 | T36: 0 | U36: 0 | V36: 0 | W36: 0 | X36: 0 | Y36: 0 | Z36: 0 | AA36: 0 | AB36: 0 | AC36: 0 | AD36: 0 | AE36: 0 | AF36: 0 | AG36: 0 | AH36: 0 | AI36: 0 | AJ36: 0 | AK36: 0 | AL36: 0 | AM36: 0 | AN36: 0 | AO36: 0 | AP36: 0 | AQ36: 0
C37: 不詳Unknown | D37: 0 | E37: 0 | F37: 0 | G37: 0 | H37: 0 | I37: 0 | J37: 0 | K37: 0 | L37: 0 | M37: 0 | N37: 0 | O37: 0 | P37: 0 | Q37: 0 | R37: 0 | S37: 0 | T37: 0 | U37: 0 | V37: 0 | W37: 0 | X37: 0 | Y37: 0 | Z37: 0 | AA37: 0 | AB37: 0 | AC37: 0 | AD37: 0 | AE37: 0 | AF37: 0 | AG37: 9 | AH37: 0 | AI37: 0 | AJ37: 0 | AK37: 0 | AL37: 0 | AM37: 0 | AN37: 0 | AO37: 0 | AP37: 0 | AQ37: 9
A38: 高雄市 | C38: 計 Total | D38: 474 | E38: 436 | F38: 25 | G38: 3 | H38: 10 | I38: 0 | J38: 0 | K38: 474 | L38: 22 | M38: 33 | N38: 176 | O38: 78 | P38: 41 | Q38: 58 | R38: 39 | S38: 20 | T38: 5 | U38: 2 | V38: 474 | W38: 418 | X38: 20 | Y38: 0 | Z38: 20 | AA38: 3 | AB38: 0 | AC38: 3 | AD38: 4 | AE38: 4 | AF38: 2 | AG38: 432 | AH38: 4 | AI38: 18 | AJ38: 89 | AK38: 61 | AL38: 42 | AM38: 43 | AN38: 40 | AO38: 41 | AP38: 13 | AQ38: 81
C39: 男 Male | D39: 79 | E39: 71 | F39: 6 | G39: 0 | H39: 2 | I39: 0 | J39: 0 | K39: 79 | L39: 3 | M39: 10 | N39: 43 | O39: 10 | P39: 3 | Q39: 7 | R39: 1 | S39: 2 | T39: 0 | U39: 0 | V39: 79 | W39: 71 | X39: 3 | Y39: 0 | Z39: 1 | AA39: 1 | AB39: 0 | AC39: 1 | AD39: 1 | AE39: 1 | AF39: 0 | AG39: 384 | AH39: 3 | AI39: 16 | AJ39: 64 | AK39: 58 | AL39: 42 | AM39: 41 | AN39: 39 | AO39: 41 | AP39: 13 | AQ39: 67
A40: Kaohsiung City | C40: 女 Female | D40: 395 | E40: 365 | F40: 19 | G40: 3 | H40: 8 | I40: 0 | J40: 0 | K40: 395 | L40: 19 | M40: 23 | N40: 133 | O40: 68 | P40: 38 | Q40: 51 | R40: 38 | S40: 18 | T40: 5 | U40: 2 | V40: 395 | W40: 347 | X40: 17 | Y40: 0 | Z40: 19 | AA40: 2 | AB40: 0 | AC40: 2 | AD40: 3 | AE40: 3 | AF40: 2 | AG40: 35 | AH40: 1 | AI40: 2 | AJ40: 25 | AK40: 2 | AL40: 0 | AM40: 2 | AN40: 1 | AO40: 0 | AP40: 0 | AQ40: 2
C41: 其他 Other | D41: 0 | E41: 0 | F41: 0 | G41: 0 | H41: 0 | I41: 0 | J41: 0 | K41: 0 | L41: 0 | M41: 0 | N41: 0 | O41: 0 | P41: 0 | Q41: 0 | R41: 0 | S41: 0 | T41: 0 | U41: 0 | V41: 0 | W41: 0 | X41: 0 | Y41: 0 | Z41: 0 | AA41: 0 | AB41: 0 | AC41: 0 | AD41: 0 | AE41: 0 | AF41: 0 | AG41: 0 | AH41: 0 | AI41: 0 | AJ41: 0 | AK41: 0 | AL41: 0 | AM41: 0 | AN41: 0 | AO41: 0 | AP41: 0 | AQ41: 0
C42: 不詳Unknown | D42: 0 | E42: 0 | F42: 0 | G42: 0 | H42: 0 | I42: 0 | J42: 0 | K42: 0 | L42: 0 | M42: 0 | N42: 0 | O42: 0 | P42: 0 | Q42: 0 | R42: 0 | S42: 0 | T42: 0 | U42: 0 | V42: 0 | W42: 0 | X42: 0 | Y42: 0 | Z42: 0 | AA42: 0 | AB42: 0 | AC42: 0 | AD42: 0 | AE42: 0 | AF42: 0 | AG42: 13 | AH42: 0 | AI42: 0 | AJ42: 0 | AK42: 1 | AL42: 0 | AM42: 0 | AN42: 0 | AO42: 0 | AP42: 0 | AQ42: 12
B43: 宜蘭縣 | C43: 計 Total | D43: 83 | E43: 65 | F43: 15 | G43: 0 | H43: 0 | I43: 0 | J43: 3 | K43: 83 | L43: 3 | M43: 14 | N43: 40 | O43: 9 | P43: 4 | Q43: 5 | R43: 4 | S43: 3 | T43: 1 | U43: 0 | V43: 83 | W43: 75 | X43: 5 | Y43: 0 | Z43: 1 | AA43: 0 | AB43: 0 | AC43: 1 | AD43: 0 | AE43: 1 | AF43: 0 | AG43: 69 | AH43: 0 | AI43: 6 | AJ43: 14 | AK43: 10 | AL43: 3 | AM43: 9 | AN43: 1 | AO43: 7 | AP43: 1 | AQ43: 18
C44: 男 Male | D44: 15 | E44: 9 | F44: 6 | G44: 0 | H44: 0 | I44: 0 | J44: 0 | K44: 15 | L44: 1 | M44: 2 | N44: 8 | O44: 1 | P44: 2 | Q44: 1 | R44: 0 | S44: 0 | T44: 0 | U44: 0 | V44: 15 | W44: 12 | X44: 2 | Y44: 0 | Z44: 0 | AA44: 0 | AB44: 0 | AC44: 0 | AD44: 0 | AE44: 1 | AF44: 0 | AG44: 60 | AH44: 0 | AI44: 4 | AJ44: 10 | AK44: 10 | AL44: 3 | AM44: 9 | AN44: 1 | AO44: 7 | AP44: 1 | AQ44: 15
B45: Yilan County | C45: 女 Female | D45: 67 | E45: 56 | F45: 9 | G45: 0 | H45: 0 | I45: 0 | J45: 2 | K45: 67 | L45: 2 | M45: 12 | N45: 31 | O45: 8 | P45: 2 | Q45: 4 | R45: 4 | S45: 3 | T45: 1 | U45: 0 | V45: 67 | W45: 62 | X45: 3 | Y45: 0 | Z45: 1 | AA45: 0 | AB45: 0 | AC45: 1 | AD45: 0 | AE45: 0 | AF45: 0 | AG45: 6 | AH45: 0 | AI45: 2 | AJ45: 3 | AK45: 0 | AL45: 0 | AM45: 0 | AN45: 0 | AO45: 0 | AP45: 0 | AQ45: 1
C46: 其他 Other | D46: 0 | E46: 0 | F46: 0 | G46: 0 | H46: 0 | I46: 0 | J46: 0 | K46: 0 | L46: 0 | M46: 0 | N46: 0 | O46: 0 | P46: 0 | Q46: 0 | R46: 0 | S46: 0 | T46: 0 | U46: 0 | V46: 0 | W46: 0 | X46: 0 | Y46: 0 | Z46: 0 | AA46: 0 | AB46: 0 | AC46: 0 | AD46: 0 | AE46: 0 | AF46: 0 | AG46: 0 | AH46: 0 | AI46: 0 | AJ46: 0 | AK46: 0 | AL46: 0 | AM46: 0 | AN46: 0 | AO46: 0 | AP46: 0 | AQ46: 0
C47: 不詳Unknown | D47: 1 | E47: 0 | F47: 0 | G47: 0 | H47: 0 | I47: 0 | J47: 1 | K47: 1 | L47: 0 | M47: 0 | N47: 1 | O47: 0 | P47: 0 | Q47: 0 | R47: 0 | S47: 0 | T47: 0 | U47: 0 | V47: 1 | W47: 1 | X47: 0 | Y47: 0 | Z47: 0 | AA47: 0 | AB47: 0 | AC47: 0 | AD47: 0 | AE47: 0 | AF47: 0 | AG47: 3 | AH47: 0 | AI47: 0 | AJ47: 1 | AK47: 0 | AL47: 0 | AM47: 0 | AN47: 0 | AO47: 0 | AP47: 0 | AQ47: 2
